Workbook

Sheet 2024
A1: STOCK MESIN SCAN ABSEN
A2: Periode 31 Desember 2024
A4: No | B4: Nama barang | C4: KET | D4: Bagian | E4: QTY | F4: NB | G4: Type | H4: KET
A5: 1 | B5: SOLUTION | C5: SUPPORTING | D5: LEUWITEX 1 | E5: 1 | G5: X100-C | J5: =B5&" "&C5 -> SOLUTION SUPPORTING
A6: 2 | B6: SOLUTION | C6: GD FINAL | D6: LEUWITEX 1 | E6: 1 | G6: X100-C | J6: =B6&" "&C6 -> SOLUTION GD FINAL
A7: 3 | B7: SOLUTION | C7: GD DF | D7: LEUWITEX 1 | E7: 1 | G7: X100-C | J7: =B7&" "&C7 -> SOLUTION GD DF
A8: 4 | B8: SOLUTION | C8: GD UNWINDING | D8: LEUWITEX 1 | E8: 1 | G8: X100-C | J8: =B8&" "&C8 -> SOLUTION GD UNWINDING
A9: 5 | B9: SOLUTION | C9: GD WEAVING | D9: LEUWITEX 1 | E9: 1 | G9: X100-C | J9: =B9&" "&C9 -> SOLUTION GD WEAVING
A10: 6 | B10: SOLUTION | C10: OFFICE PERSONALIA LJ2 | D10: LEUWITEX 2 | E10: 2 | G10: X100-C | J10: =B10&" "&C10 -> SOLUTION OFFICE PERSONALIA LJ2
A11: 7 | B11: SOLUTION | C11: SATPAM TENGAH LJ2 | D11: LEUWITEX 2 | E11: 1 | G11: X100-C | J11: =B11&" "&C11 -> SOLUTION SATPAM TENGAH LJ2
A12: 8 | B12: SOLUTION | C12: GD MARKETING | D12: LEUWITEX 1 | E12: 1 | G12: X100-C | J12: =B12&" "&C12 -> SOLUTION GD MARKETING
A13: 9 | B13: SOLUTION | C13: AREA LJ3 | D13: LEUWITEX 3 | E13: 1 | G13: X100-C | J13: =B13&" "&C13 -> SOLUTION AREA LJ3
A14: 10 | B14: SOLUTION | C14: MKA | D14: MKA | E14: 1 | G14: X100-C | J14: =B14&" "&C14 -> SOLUTION MKA
A15: Jumlah Total | E15: =SUM(E5:E14) -> 11 | J15: =B15&" "&C15

Sheet 2025
A1: STOCK MESIN SCAN ABSEN
A2: Periode 31 Desember 2026
A4: No | B4: Nama barang | C4: KET | D4: Bagian | E4: QTY | F4: NB | G4: Type | H4: KET
A5: 1 | B5: SOLUTION | C5: SUPPORTING | D5: LEUWITEX 1 | E5: 1 | G5: X100-C | J5: =B5&" "&C5 -> SOLUTION SUPPORTING
A6: 2 | B6: SOLUTION | C6: GD FINAL | D6: LEUWITEX 1 | E6: 1 | G6: X100-C | H6: UNIT BARU GANTI RUSAK | J6: =B6&" "&C6 -> SOLUTION GD FINAL
A7: 3 | B7: SOLUTION | C7: GD DF | D7: LEUWITEX 1 | E7: 1 | G7: X100-C | J7: =B7&" "&C7 -> SOLUTION GD DF
A8: 4 | B8: SOLUTION | C8: GD UNWINDING | D8: LEUWITEX 1 | E8: 1 | G8: X100-C | H8: UNIT BARU GANTI RUSAK | J8: =B8&" "&C8 -> SOLUTION GD UNWINDING
A9: 5 | B9: SOLUTION | C9: GD WEAVING | D9: LEUWITEX 1 | E9: 1 | G9: X100-C | J9: =B9&" "&C9 -> SOLUTION GD WEAVING
A10: 6 | B10: SOLUTION | C10: OFFICE PERSONALIA LJ2 | D10: LEUWITEX 2 | E10: 2 | G10: X100-C | H10: UNIT BARU GANTI RUSAK | J10: =B10&" "&C10 -> SOLUTION OFFICE PERSONALIA LJ2
A11: 7 | B11: SOLUTION | C11: SATPAM TENGAH LJ2 | D11: LEUWITEX 2 | E11: 1 | G11: X100-C | H11: UNIT BARU GANTI RUSAK | J11: =B11&" "&C11 -> SOLUTION SATPAM TENGAH LJ2
A12: 8 | B12: SOLUTION | C12: GD MARKETING | D12: LEUWITEX 1 | E12: 1 | G12: X100-C | J12: =B12&" "&C12 -> SOLUTION GD MARKETING
A13: 9 | B13: SOLUTION | C13: AREA LJ3 | D13: LEUWITEX 3 | E13: 1 | G13: X100-C | J13: =B13&" "&C13 -> SOLUTION AREA LJ3
A14: 10 | B14: SOLUTION | C14: MKA | D14: MKA | E14: 1 | G14: X100-C | J14: =B14&" "&C14 -> SOLUTION MKA
A15: Jumlah Total | E15: =SUM(E5:E14) -> 11

Sheet Scan Absen
B1: STOCK OPNAME SCAN ABSEN
B2: PERIODE : 31 Desember 2025
B4: NO | C4: NAMA MATERIAL | D4: KET | E4: JUMLAH | I4: KETERANGAN
E5: 2024 | F5: + | G5: - | H5: 2025
B6: 1 | C6: ='2025'!B5 -> SOLUTION | D6: ='2025'!C5 -> SUPPORTING | E6: =COUNTIF('2024'!$J$5:$J$80,K6) -> 1 | H6: =COUNTIF('2025'!$J$5:$J$80,K6) -> 1 | K6: {=_xlfn.UNIQUE(C6&" "&'2024'!C5:C80)} -> SOLUTION SUPPORTING
B7: 2 | C7: ='2025'!B6 -> SOLUTION | D7: ='2025'!C6 -> GD FINAL | E7: =COUNTIF('2024'!$J$5:$J$80,K7) -> 1 | H7: =COUNTIF('2025'!$J$5:$J$80,K7) -> 1 | K7: SOLUTION GD FINAL
B8: 3 | C8: ='2025'!B7 -> SOLUTION | D8: ='2025'!C7 -> GD DF | E8: =COUNTIF('2024'!$J$5:$J$80,K8) -> 1 | H8: =COUNTIF('2025'!$J$5:$J$80,K8) -> 1 | K8: SOLUTION GD DF
B9: 4 | C9: ='2025'!B8 -> SOLUTION | D9: ='2025'!C8 -> GD UNWINDING | E9: =COUNTIF('2024'!$J$5:$J$80,K9) -> 1 | H9: =COUNTIF('2025'!$J$5:$J$80,K9) -> 1 | K9: SOLUTION GD UNWINDING
B10: 5 | C10: ='2025'!B9 -> SOLUTION | D10: ='2025'!C9 -> GD WEAVING | E10: =COUNTIF('2024'!$J$5:$J$80,K10) -> 1 | H10: =COUNTIF('2025'!$J$5:$J$80,K10) -> 1 | K10: SOLUTION GD WEAVING
B11: 6 | C11: ='2025'!B10 -> SOLUTION | D11: ='2025'!C10 -> OFFICE PERSONALIA LJ2 | E11: =COUNTIF('2024'!$J$5:$J$80,K11) -> 1 | H11: =COUNTIF('2025'!$J$5:$J$80,K11) -> 1 | K11: SOLUTION OFFICE PERSONALIA LJ2
B12: 7 | C12: ='2025'!B11 -> SOLUTION | D12: ='2025'!C11 -> SATPAM TENGAH LJ2 | E12: =COUNTIF('2024'!$J$5:$J$80,K12) -> 1 | H12: =COUNTIF('2025'!$J$5:$J$80,K12) -> 1 | K12: SOLUTION SATPAM TENGAH LJ2
B13: 8 | C13: ='2025'!B12 -> SOLUTION | D13: ='2025'!C12 -> GD MARKETING | E13: =COUNTIF('2024'!$J$5:$J$80,K13) -> 1 | H13: =COUNTIF('2025'!$J$5:$J$80,K13) -> 1 | K13: SOLUTION GD MARKETING
B14: 9 | C14: ='2025'!B13 -> SOLUTION | D14: ='2025'!C13 -> AREA LJ3 | E14: =COUNTIF('2024'!$J$5:$J$80,K14) -> 1 | H14: =COUNTIF('2025'!$J$5:$J$80,K14) -> 1 | K14: SOLUTION AREA LJ3
B15: 10 | C15: ='2025'!B14 -> SOLUTION | D15: ='2025'!C14 -> MKA | E15: =COUNTIF('2024'!$J$5:$J$80,K15) -> 1 | H15: =COUNTIF('2025'!$J$5:$J$80,K15) -> 1 | K15: SOLUTION MKA
B16: TOTAL | E16: =SUM(E6:E15) -> 10 | F16: =SUM(F6:F15) -> 0 | G16: =SUM(G6:G15) -> 0 | H16: =SUM(H6:H15) -> 10 | K16: SOLUTION
