Workbook

Sheet PR CREATE IT 2025
D1: PR CREATE BY IT TAHUN 2025
D3: NO | E3: SEQ | F3: KODE MATERIAL | G3: NAMA MATERIAL | H3: NO. PR | I3: NO. PO | J3: QTY | K3: UNIT | L3: CREATE DATE | M3: STATUS REALEASE | N3: GR DATE | O3: KETERANGAN
A4: =F4&H4&E4 -> 5000016255108000021 | B4: =F4&I4&E4 -> 5000016255797001611 | C4: =F4&I4 -> 500001625579700161 | D4: 1 | E4: ='PR 2025'!A2 -> 1 | F4: ='PR 2025'!B2 -> 5000016255 | G4: ='PR 2025'!C2 -> SSD SATA 256GB | H4: ='PR 2025'!D2 -> 10800002 | I4: =VLOOKUP(A4,'PO 2025'!$A$2:$Y$1440,21,FALSE) -> 79700161 | J4: ='PR 2025'!E2 -> 2 | K4: ='PR 2025'!F2 -> BH | L4: ='PR 2025'!T2 -> 45659 | M4: ='PR 2025'!AG2 -> R | N4: =VLOOKUP(C4,'GRS 2025'!$A$2:$AH$1992,4,FALSE) -> 45674 | O4: ='PR 2025'!AJ2 -> U/ BAGIAN TRAINING & DEVELOPMENT (HS CODE : 8471.50.90). ERDI
A5: =F5&H5&E5 -> 5000011448108000022 | B5: =F5&I5&E5 -> 5000011448797001662 | C5: =F5&I5 -> 500001144879700166 | D5: 2 | E5: ='PR 2025'!A3 -> 2 | F5: ='PR 2025'!B3 -> 5000011448 | G5: ='PR 2025'!C3 -> CABLE USB FOR PRINTER | H5: ='PR 2025'!D3 -> 10800002 | I5: =VLOOKUP(A5,'PO 2025'!$A$2:$Y$1440,21,FALSE) -> 79700166 | J5: ='PR 2025'!E3 -> 2 | K5: ='PR 2025'!F3 -> UNT | L5: ='PR 2025'!T3 -> 45659 | M5: ='PR 2025'!AG3 -> R | N5: =VLOOKUP(C5,'GRS 2025'!$A$2:$AH$1992,4,FALSE) -> 45667 | O5: ='PR 2025'!AJ3 -> URGENT : ORDER YG 3 METER U/ S. MANAGER PRODUKSI, TEKNIK & HRD DAN PEMBELIAN (HS CODE : 8544.20.31). IDRUS
A6: =F6&H6&E6 -> 5000008929108000321 | B6: =F6&I6&E6 -> 5000008929797001661 | C6: =F6&I6 -> 500000892979700166 | D6: 3 | E6: ='PR 2025'!A4 -> 1 | F6: ='PR 2025'!B4 -> 5000008929 | G6: ='PR 2025'!C4 -> FAN PROCESSOR P4 LGA | H6: ='PR 2025'!D4 -> 10800032 | I6: =VLOOKUP(A6,'PO 2025'!$A$2:$Y$1440,21,FALSE) -> 79700166 | J6: ='PR 2025'!E4 -> 6 | K6: ='PR 2025'!F4 -> BH | L6: ='PR 2025'!T4 -> 45660 | M6: ='PR 2025'!AG4 -> R | N6: =VLOOKUP(C6,'GRS 2025'!$A$2:$AH$1992,4,FALSE) -> 45667 | O6: ='PR 2025'!AJ4 -> U/ BAGIAN IT (3), FINAL LJ2, GD PACKING, PPC PROCESSING LJ1 (HS CODE : 8414.59.10). ERDI
A7: =F7&H7&E7 -> 5000011754108000322 | B7: =F7&I7&E7 -> 5000011754797001632 | C7: =F7&I7 -> 500001175479700163 | D7: 4 | E7: ='PR 2025'!A5 -> 2 | F7: ='PR 2025'!B5 -> 5000011754 | G7: ='PR 2025'!C5 -> MOUSE PAD | H7: ='PR 2025'!D5 -> 10800032 | I7: =VLOOKUP(A7,'PO 2025'!$A$2:$Y$1440,21,FALSE) -> 79700163 | J7: ='PR 2025'!E5 -> 1 | K7: ='PR 2025'!F5 -> BH | L7: ='PR 2025'!T5 -> 45660 | M7: ='PR 2025'!AG5 -> R | N7: =VLOOKUP(C7,'GRS 2025'!$A$2:$AH$1992,4,FALSE) -> 45670 | O7: ='PR 2025'!AJ5 -> U/ S. MANAGER PRODUKSI, TEKNIK & HRD (HS CODE : 8471.60.40). DETA
A8: =F8&H8&E8 -> 5000016308108000621 | B8: =F8&I8&E8 -> 5000016308797003631 | C8: =F8&I8 -> 500001630879700363 | D8: 5 | E8: ='PR 2025'!A6 -> 1 | F8: ='PR 2025'!B6 -> 5000016308 | G8: ='PR 2025'!C6 -> CPU BUILDUP | H8: ='PR 2025'!D6 -> 10800062 | I8: =VLOOKUP(A8,'PO 2025'!$A$2:$Y$1440,21,FALSE) -> 79700363 | J8: ='PR 2025'!E6 -> 4 | K8: ='PR 2025'!F6 -> UNT | L8: ='PR 2025'!T6 -> 45661 | M8: ='PR 2025'!AG6 -> R | N8: =VLOOKUP(C8,'GRS 2025'!$A$2:$AH$1992,4,FALSE) -> 45674 | O8: ='PR 2025'!AJ6 -> U/ PROGRAM APLIKASI BARU GD GREY LJ1 & LJ2 (HS CODE : 8479.89.50). AGUS
A9: =F9&H9&E9 -> 5000016255108000622 | B9: =F9&I9&E9 -> 5000016255797003632 | C9: =F9&I9 -> 500001625579700363 | D9: 6 | E9: ='PR 2025'!A7 -> 2 | F9: ='PR 2025'!B7 -> 5000016255 | G9: ='PR 2025'!C7 -> SSD SATA 256GB | H9: ='PR 2025'!D7 -> 10800062 | I9: =VLOOKUP(A9,'PO 2025'!$A$2:$Y$1440,21,FALSE) -> 79700363 | J9: ='PR 2025'!E7 -> 4 | K9: ='PR 2025'!F7 -> BH | L9: ='PR 2025'!T7 -> 45661 | M9: ='PR 2025'!AG7 -> R | N9: =VLOOKUP(C9,'GRS 2025'!$A$2:$AH$1992,4,FALSE) -> 45674 | O9: ='PR 2025'!AJ7 -> U/ PROGRAM APLIKASI BARU GD GREY LJ1 & LJ2 (HS CODE : 8471.50.90). AGUS
A10: =F10&H10&E10 -> 5000016728108000971 | B10: =F10&I10&E10 -> 5000016728797008031 | C10: =F10&I10 -> 500001672879700803 | D10: 7 | E10: ='PR 2025'!A8 -> 1 | F10: ='PR 2025'!B8 -> 5000016728 | G10: ='PR 2025'!C8 -> SWITCH D-LINK 8 PORT | H10: ='PR 2025'!D8 -> 10800097 | I10: =VLOOKUP(A10,'PO 2025'!$A$2:$Y$1440,21,FALSE) -> 79700803 | J10: ='PR 2025'!E8 -> 1 | K10: ='PR 2025'!F8 -> UNT | L10: ='PR 2025'!T8 -> 45664 | M10: ='PR 2025'!AG8 -> R | N10: =VLOOKUP(C10,'GRS 2025'!$A$2:$AH$1992,4,FALSE) -> 45684 | O10: ='PR 2025'!AJ8 -> U/ MTC PERSIAPAN LJ2 (HS CODE : 8517.79.10). TIO
A11: =F11&H11&E11 -> 5000017356108001391 | B11: =F11&I11&E11 -> 5000017356797007881 | C11: =F11&I11 -> 500001735679700788 | D11: 8 | E11: ='PR 2025'!A9 -> 1 | F11: ='PR 2025'!B9 -> 5000017356 | G11: ='PR 2025'!C9 -> PROYEKTOR BENQ MX631ST | H11: ='PR 2025'!D9 -> 10800139 | I11: =VLOOKUP(A11,'PO 2025'!$A$2:$Y$1440,21,FALSE) -> 79700788 | J11: ='PR 2025'!E9 -> 1 | K11: ='PR 2025'!F9 -> UNT | L11: ='PR 2025'!T9 -> 45666 | M11: ='PR 2025'!AG9 -> R | N11: =VLOOKUP(C11,'GRS 2025'!$A$2:$AH$1992,4,FALSE) -> 45687 | O11: ='PR 2025'!AJ9 -> U/ RUANG MEETING BAGIAN DF LJ1 (HS CODE : 9007.92.00). ERISA
A12: =F12&H12&E12 -> 5000008843108001392 | B12: =F12&I12&E12 -> 5000008843797008022 | C12: =F12&I12 -> 500000884379700802 | D12: 9 | E12: ='PR 2025'!A10 -> 2 | F12: ='PR 2025'!B10 -> 5000008843 | G12: ='PR 2025'!C10 -> MONITOR LCD 19 INCH | H12: ='PR 2025'!D10 -> 10800139 | I12: =VLOOKUP(A12,'PO 2025'!$A$2:$Y$1440,21,FALSE) -> 79700802 | J12: ='PR 2025'!E10 -> 1 | K12: ='PR 2025'!F10 -> UNT | L12: ='PR 2025'!T10 -> 45666 | M12: ='PR 2025'!AG10 -> R | N12: =VLOOKUP(C12,'GRS 2025'!$A$2:$AH$1992,4,FALSE) -> 45685 | O12: ='PR 2025'!AJ10 -> U/ RUANG MEETING BAGIAN DF LJ1 (HS CODE : 8528.52.00). ERISA
A13: =F13&H13&E13 -> 5000016308108001393 | B13: =F13&I13&E13 -> 5000016308797007883 | C13: =F13&I13 -> 500001630879700788 | D13: 10 | E13: ='PR 2025'!A11 -> 3 | F13: ='PR 2025'!B11 -> 5000016308 | G13: ='PR 2025'!C11 -> CPU BUILDUP | H13: ='PR 2025'!D11 -> 10800139 | I13: =VLOOKUP(A13,'PO 2025'!$A$2:$Y$1440,21,FALSE) -> 79700788 | J13: ='PR 2025'!E11 -> 1 | K13: ='PR 2025'!F11 -> UNT | L13: ='PR 2025'!T11 -> 45666 | M13: ='PR 2025'!AG11 -> R | N13: =VLOOKUP(C13,'GRS 2025'!$A$2:$AH$1992,4,FALSE) -> 45687 | O13: ='PR 2025'!AJ11 -> U/ RUANG MEETING BAGIAN DF LJ1 (HS CODE : 8479.89.50). ERISA
A14: =F14&H14&E14 -> 5000005059108001394 | B14: =F14&I14&E14 -> 5000005059797006794 | C14: =F14&I14 -> 500000505979700679 | D14: 11 | E14: ='PR 2025'!A12 -> 4 | F14: ='PR 2025'!B12 -> 5000005059 | G14: ='PR 2025'!C12 -> KEYBOARD USB | H14: ='PR 2025'!D12 -> 10800139 | I14: =VLOOKUP(A14,'PO 2025'!$A$2:$Y$1440,21,FALSE) -> 79700679 | J14: ='PR 2025'!E12 -> 1 | K14: ='PR 2025'!F12 -> BH | L14: ='PR 2025'!T12 -> 45666 | M14: ='PR 2025'!AG12 -> R | N14: =VLOOKUP(C14,'GRS 2025'!$A$2:$AH$1992,4,FALSE) -> 45688 | O14: ='PR 2025'!AJ12 -> U/ RUANG MEETING BAGIAN DF LJ1 (HS CODE : 8471.60.30). ERISA
A15: =F15&H15&E15 -> 5000004248108001395 | B15: =F15&I15&E15 -> 5000004248797006795 | C15: =F15&I15 -> 500000424879700679 | D15: 12 | E15: ='PR 2025'!A13 -> 5 | F15: ='PR 2025'!B13 -> 5000004248 | G15: ='PR 2025'!C13 -> MOUSE USB | H15: ='PR 2025'!D13 -> 10800139 | I15: =VLOOKUP(A15,'PO 2025'!$A$2:$Y$1440,21,FALSE) -> 79700679 | J15: ='PR 2025'!E13 -> 1 | K15: ='PR 2025'!F13 -> BH | L15: ='PR 2025'!T13 -> 45666 | M15: ='PR 2025'!AG13 -> R | N15: =VLOOKUP(C15,'GRS 2025'!$A$2:$AH$1992,4,FALSE) -> 45688 | O15: ='PR 2025'!AJ13 -> U/ RUANG MEETING BAGIAN DF LJ1 (HS CODE : 8471.60.40). ERISA
... A464: =F464&H464&E464 -> 5000018023108056241 | B464: =F464&I464&E464 -> #N/A | C464: =F464&I464 -> #N/A | D464: 461 | E464: ='PR 2025'!A462 -> 1 | F464: ='PR 2025'!B462 -> 5000018023 | G464: ='PR 2025'!C462 -> PENGUAT SINYAL GSM | H464: ='PR 2025'!D462 -> 10805624 | I464: =VLOOKUP(A464,'PO 2025'!$A$2:$Y$1440,21,FALSE) -> #N/A | J464: ='PR 2025'!E462 -> 1 | K464: ='PR 2025'!F462 -> BH | L464: ='PR 2025'!T462 -> 45993 | M464: ='PR 2025'!AG462 -> R | N464: =VLOOKUP(C464,'GRS 2025'!$A$2:$AH$1992,4,FALSE) -> #N/A | O464: ='PR 2025'!AJ462 -> U/ KANTOR PROCESSING LJ1 (HS CODE : 8517.79.10). DADANG
G488: KET. | I488: PR SUDAH JADI PO/BARANG BELUM DATANG
I489: PR BELUM RELEASE BAGIAN IT
I490: PR BELUM JADI PO SAMA PEMBELIAN
I491: REJECT
I492: PR KADALUWARSA (TIDAK AKAN BISA DIBUAT PO)

Sheet PR 2025
A1: SEQ | B1: ITEM_CODE | C1: ITEM_DESC | D1: PRH_CODE | E1: QTY | F1: UNIT | G1: DEL_DATE | H1: ITEM_GROUP | I1: PLANT | J1: SLOC | K1: PCGROUP | L1: PCORG | M1: STATUS | N1: VEN_MAT_NAME | O1: BATCH | P1: QTY_OPEN | Q1: QTY_ORDER | R1: TOTAL | S1: CREATE_BY | T1: CREATE_DATE | U1: MODIFY_BY | V1: MODIFY_DATE | W1: PRI_INDICATOR | X1: TLP | Y1: PLAN_NAME | Z1: ADDRESS | AA1: CITY | AB1: COUNTRY | AC1: GLACC | AD1: MO_CODE | AE1: COST_CENTER | AF1: CAT | AG1: REL_STATUS | AH1: VAL_TYPE | AI1: REQUISITIONER | AJ1: COMMENTS | AK1: SERIAL_NUMBER
A2: 1 | B2: 5000016255 | C2: SSD SATA 256GB | D2: 10800002 | E2: 2 | F2: BH | G2: 45666 | H2: INVT-COMP | I2: LJU | J2: LJIV | K2: LI03 | L2: POLU | M2: 0 | P2: 2 | Q2: 0 | S2: A_TI | T2: 45659 | W2: 1 | Y2: PT LEUWITEX | AG2: R | AJ2: U/ BAGIAN TRAINING & DEVELOPMENT (HS CODE : 8471.50.90). ERDI
A3: 2 | B3: 5000011448 | C3: CABLE USB FOR PRINTER | D3: 10800002 | E3: 2 | F3: UNT | G3: 45666 | H3: INVT-COMP | I3: LJU | J3: LJIV | K3: LI03 | L3: POLU | M3: 0 | P3: 2 | Q3: 0 | S3: A_TI | T3: 45659 | W3: 1 | Y3: PT LEUWITEX | AG3: R | AJ3: URGENT : ORDER YG 3 METER U/ S. MANAGER PRODUKSI, TEKNIK & HRD DAN PEMBELIAN (HS CODE : 8544.20.31). IDRUS
A4: 1 | B4: 5000008929 | C4: FAN PROCESSOR P4 LGA | D4: 10800032 | E4: 6 | F4: BH | G4: 45667 | H4: INVT-COMP | I4: LJU | J4: LJIV | K4: LI03 | L4: POLU | M4: 0 | P4: 6 | Q4: 0 | S4: A_TI | T4: 45660 | W4: 1 | Y4: PT LEUWITEX | AG4: R | AJ4: U/ BAGIAN IT (3), FINAL LJ2, GD PACKING, PPC PROCESSING LJ1 (HS CODE : 8414.59.10). ERDI
A5: 2 | B5: 5000011754 | C5: MOUSE PAD | D5: 10800032 | E5: 1 | F5: BH | G5: 45664 | H5: INVT-COMP | I5: LJU | J5: LJIV | K5: LI03 | L5: POLU | M5: 0 | P5: 1 | Q5: 0 | S5: A_TI | T5: 45660 | W5: 1 | Y5: PT LEUWITEX | AG5: R | AJ5: U/ S. MANAGER PRODUKSI, TEKNIK & HRD (HS CODE : 8471.60.40). DETA
A6: 1 | B6: 5000016308 | C6: CPU BUILDUP | D6: 10800062 | E6: 4 | F6: UNT | G6: 45668 | H6: INVT-COMP | I6: LJU | J6: LJIV | K6: LI03 | L6: POLU | M6: 1 | P6: -4 | Q6: 8 | S6: A_TI | T6: 45661 | W6: 1 | Y6: PT LEUWITEX | AG6: R | AJ6: U/ PROGRAM APLIKASI BARU GD GREY LJ1 & LJ2 (HS CODE : 8479.89.50). AGUS
A7: 2 | B7: 5000016255 | C7: SSD SATA 256GB | D7: 10800062 | E7: 4 | F7: BH | G7: 45668 | H7: INVT-COMP | I7: LJU | J7: LJIV | K7: LI03 | L7: POLU | M7: 1 | P7: -4 | Q7: 8 | S7: A_TI | T7: 45661 | W7: 1 | Y7: PT LEUWITEX | AG7: R | AJ7: U/ PROGRAM APLIKASI BARU GD GREY LJ1 & LJ2 (HS CODE : 8471.50.90). AGUS
A8: 1 | B8: 5000016728 | C8: SWITCH D-LINK 8 PORT | D8: 10800097 | E8: 1 | F8: UNT | G8: 45671 | H8: INVT-COMP | I8: LJU | J8: LJIV | K8: LI03 | L8: POLU | M8: 0 | P8: 1 | Q8: 0 | S8: A_TI | T8: 45664 | W8: 1 | Y8: PT LEUWITEX | AG8: R | AJ8: U/ MTC PERSIAPAN LJ2 (HS CODE : 8517.79.10). TIO
A9: 1 | B9: 5000017356 | C9: PROYEKTOR BENQ MX631ST | D9: 10800139 | E9: 1 | F9: UNT | G9: 45673 | H9: INVT-COMP | I9: LJU | J9: LJIV | K9: LI03 | L9: POLU | M9: 0 | P9: 1 | Q9: 0 | S9: A_TI | T9: 45666 | W9: 1 | Y9: PT LEUWITEX | AG9: R | AJ9: U/ RUANG MEETING BAGIAN DF LJ1 (HS CODE : 9007.92.00). ERISA
A10: 2 | B10: 5000008843 | C10: MONITOR LCD 19 INCH | D10: 10800139 | E10: 1 | F10: UNT | G10: 45673 | H10: INVT-COMP | I10: LJU | J10: LJIV | K10: LI03 | L10: POLU | M10: 0 | P10: 1 | Q10: 0 | S10: A_TI | T10: 45666 | W10: 1 | Y10: PT LEUWITEX | AG10: R | AJ10: U/ RUANG MEETING BAGIAN DF LJ1 (HS CODE : 8528.52.00). ERISA
A11: 3 | B11: 5000016308 | C11: CPU BUILDUP | D11: 10800139 | E11: 1 | F11: UNT | G11: 45673 | H11: INVT-COMP | I11: LJU | J11: LJIV | K11: LI03 | L11: POLU | M11: 0 | P11: 1 | Q11: 0 | S11: A_TI | T11: 45666 | W11: 1 | Y11: PT LEUWITEX | AG11: R | AJ11: U/ RUANG MEETING BAGIAN DF LJ1 (HS CODE : 8479.89.50). ERISA
A12: 4 | B12: 5000005059 | C12: KEYBOARD USB | D12: 10800139 | E12: 1 | F12: BH | G12: 45673 | H12: INVT-COMP | I12: LJU | J12: LJIV | K12: LI03 | L12: POLU | M12: 0 | P12: 1 | Q12: 0 | S12: A_TI | T12: 45666 | W12: 1 | Y12: PT LEUWITEX | AG12: R | AJ12: U/ RUANG MEETING BAGIAN DF LJ1 (HS CODE : 8471.60.30). ERISA
A13: 5 | B13: 5000004248 | C13: MOUSE USB | D13: 10800139 | E13: 1 | F13: BH | G13: 45673 | H13: INVT-COMP | I13: LJU | J13: LJIV | K13: LI03 | L13: POLU | M13: 0 | P13: 1 | Q13: 0 | S13: A_TI | T13: 45666 | W13: 1 | Y13: PT LEUWITEX | AG13: R | AJ13: U/ RUANG MEETING BAGIAN DF LJ1 (HS CODE : 8471.60.40). ERISA
... A84: 4 | B84: 5000005059 | C84: KEYBOARD USB | D84: 10800880 | E84: 10 | F84: BH | G84: 45715 | H84: INVT-COMP | I84: LJU | J84: LJIV | K84: LI03 | L84: POLU | M84: 0 | P84: 10 | Q84: 0 | S84: A_TI | T84: 45708 | W84: 1 | Y84: PT LEUWITEX | AG84: R | AJ84: U/ MENGGANTI YG RUSAK BAGIAN PERSIAPAN LUCKYTEX, QA (2), RND, PROCCESSING DF (2), GUDANG GREY,GUDANG BENANG, MTC WEAVING DAN PPC GREY (HS CODE : 8471.60.30). ALI
A85: 1 | B85: 5000017677 | C85: HTB 1100S | D85: 10800909 | E85: 3 | F85: SET | G85: 45717 | H85: INVT-COMP | I85: LJU | J85: LJIV | K85: LI03 | L85: POLU | M85: 0 | P85: 3 | Q85: 0 | S85: A_TI | T85: 45710 | U85: A_TI | V85: 45710 | W85: 1 | Y85: PT LEUWITEX | AG85: R | AJ85: U/ AREA IPAL (HS CODE : 8454.10.00). TIO
A86: 2 | B86: 5000016779 | C86: SWITCH D-LINK 16 PORT | D86: 10800909 | E86: 1 | F86: UNT | G86: 45717 | H86: INVT-COMP | I86: LJU | J86: LJIV | K86: LI03 | L86: POLU | M86: 0 | P86: 1 | Q86: 0 | S86: A_TI | T86: 45710 | W86: 1 | Y86: PT LEUWITEX | AG86: R | AJ86: U/ AREA IPAL (HS CODE : 8517.79.10). TIO
A87: 3 | B87: 5000017676 | C87: PATCH CORD SC TO SC | D87: 10800909 | E87: 3 | F87: BH | G87: 45717 | H87: INVT-COMP | I87: LJU | J87: LJIV | K87: LI03 | L87: POLU | M87: 0 | P87: 3 | Q87: 0 | S87: A_TI | T87: 45710 | W87: 1 | Y87: PT LEUWITEX | AG87: R | AJ87: U/ AREA IPAL (HS CODE : 8544.49.49). TIO
A88: 1 | B88: 5000016585 | C88: KABEL POWER PRINTER | D88: 10800926 | E88: 1 | F88: UNT | G88: 45719 | H88: INVT-COMP | I88: LJU | J88: LJIV | K88: LI03 | L88: POLU | M88: 0 | P88: 1 | Q88: 0 | S88: A_TI | T88: 45712 | W88: 1 | Y88: PT LEUWITEX | AG88: R | AJ88: U/ BAGIAN MACHCRIMPER (HS CODE : 8544.20.31). TIO
A89: 1 | B89: 5000016375 | C89: PRINTER EPSON l3210 | D89: 10800953 | E89: 1 | F89: UNT | G89: 45720 | H89: INVT-COMP | I89: LJU | J89: LJIV | K89: LI03 | L89: POLU | M89: 0 | P89: 1 | Q89: 0 | S89: A_TI | T89: 45713 | W89: 1 | Y89: PT LEUWITEX | AG89: R | AJ89: URGENT : U/ MENGGANTI YANG RUSAK BAGIAN BEA CUKAI. (HS CODE : 8443.31.11). PUTRI
A90: 2 | B90: 5000017376 | C90: RAM DDR4 8 GB | D90: 10800953 | E90: 1 | F90: BH | G90: 45720 | H90: INVT-COMP | I90: LJU | J90: LJIV | K90: LI03 | L90: POLU | M90: 0 | P90: 1 | Q90: 0 | S90: A_TI | T90: 45713 | W90: 1 | Y90: PT LEUWITEX | AG90: R | AJ90: MEMORY RAM SERVER ECC 8GB PC4-2133P, U/ BAGIAN IT (HS CODE : 8471.50.90). ERDI
A91: 1 | B91: 5000015560 | C91: RAM DDR3 8GB | D91: 10801030 | E91: 2 | F91: BH | G91: 45724 | H91: INVT-COMP | I91: LJU | J91: LJIV | K91: LI03 | L91: POLU | M91: 0 | P91: 2 | Q91: 0 | S91: A_TI | T91: 45717 | W91: 1 | Y91: PT LEUWITEX | AG91: R | AJ91: U/ BAGIAN IT (HS CODE : 8471.50.90). ERDI
A92: 2 | B92: 5000017695 | C92: PRINTER EPSON L18050 | D92: 10801030 | E92: 1 | F92: UNT | G92: 45724 | H92: INVT-COMP | I92: LJU | J92: LJIV | K92: LI03 | L92: POLU | M92: 0 | P92: 1 | Q92: 0 | S92: A_TI | T92: 45717 | W92: 1 | Y92: PT LEUWITEX | AG92: R | AJ92: U/ MENGGANTI YANG RUSAK BAGIAN TRAINING & DEVELOPMENT (HS CODE : 8443.31.11). FIRMAN
A93: 3 | B93: 5000017481 | C93: SCANNER PLUSTEK PS283 | D93: 10801030 | E93: 1 | F93: UNT | G93: 45724 | H93: INVT-COMP | I93: LJU | J93: LJIV | K93: LI03 | L93: POLU | M93: 0 | P93: 1 | Q93: 0 | S93: A_TI | T93: 45717 | W93: 1 | Y93: PT LEUWITEX | AG93: R | AJ93: U/ MENGGANTI YANG RUSAK BAGIAN TRAINING & DEVELOPMENT (HS CODE : 8443.31.91). FIRMAN
A94: 4 | B94: 5000016583 | C94: CPU BUILDUP I7 | D94: 10801030 | E94: 1 | F94: UNT | G94: 45724 | H94: INVT-COMP | I94: LJU | J94: LJIV | K94: L04 | L94: POLU | M94: 0 | P94: 1 | Q94: 0 | S94: A_TI | T94: 45719 | W94: 1 | Y94: PT LEUWITEX | AG94: R | AJ94: URGENT : U/ BAGIAN MARKETING (HS CODE : 8479.89.50). YUANITA
A95: 5 | B95: 5000005340 | C95: POWER SUPLY ATX 450 WATT | D95: 10801030 | E95: 1 | F95: UNT | G95: 45724 | H95: INVT-COMP | I95: LJU | J95: LJIV | K95: LI03 | L95: POLU | M95: 0 | P95: 1 | Q95: 0 | S95: A_TI | T95: 45719 | W95: 1 | Y95: PT LEUWITEX | AG95: R | AJ95: U/ MENGGANTI YG RUSAK BAGIAN MARKETING (HS CODE : 8414.59.10). TIO
A96: 6 | B96: 5000016659 | C96: COOLER MASTER | D96: 10801030 | E96: 2 | F96: BH | G96: 45727 | H96: INVT-COMP | I96: LJU | J96: LJIV | K96: LI03 | L96: POLU | M96: 0 | P96: 2 | Q96: 0 | S96: A_TI | T96: 45720 | W96: 1 | Y96: PT LEUWITEX | AG96: R | AJ96: U/ MENGGANTI YG RUSAK BAGIAN MTC PROC LJ1 DAN LAB (HS CODE : 8414.59.10). RICKY
A97: 7 | B97: 5000012006 | C97: MONITOR TV 32 INCH | D97: 10801030 | E97: 1 | F97: UNT | G97: 45727 | H97: INVT-COMP | I97: LJU | J97: LJIV | K97: LI03 | L97: POLU | M97: 0 | P97: 1 | Q97: 0 | S97: A_TI | T97: 45720 | W97: 1 | Y97: PT LEUWITEX | AG97: R | AJ97: URGENT : U/ MENGGANTI YG RUSAK (MONITORING CCTV AREA BEA CUKAI) (HS CODE : 8528.52.00). TIO
... A108: 1 | B108: 5000016930 | C108: PRINT SERVER | D108: 10801283 | E108: 2 | F108: BH | G108: 45740 | H108: INVT-COMP | I108: LJU | J108: LJIV | K108: LI03 | L108: POLU | M108: 0 | P108: 2 | Q108: 0 | S108: A_TI | T108: 45733 | W108: 1 | Y108: PT LEUWITEX | AG108: R | AJ108: U/ BAGIAN PPC PROCESSING LJ1 DAN TRAINING & DEV (HS CODE : 8517.79.10). TIO
A109: 2 | B109: 5000000739 | C109: KABEL UTP BELDEN | D109: 10801283 | E109: 4 | F109: ROL | G109: 45741 | H109: INVT-COMP | I109: LJU | J109: LJIV | K109: LI03 | L109: POLU | M109: 1 | P109: 0 | Q109: 4 | S109: A_TI | T109: 45734 | U109: A_TI | V109: 45735 | W109: 1 | Y109: PT LEUWITEX | AG109: R | AJ109: U/ PROYEK PERSONALIA, GA DAN RND. (HS CODE : 8517.14.00). TIO
A110: 3 | B110: 5000016554 | C110: KARTU RFID | D110: 10801283 | E110: 400 | F110: BH | G110: 45742 | H110: INVT-COMP | I110: LJU | J110: LJIV | K110: LI03 | L110: POLU | M110: 0 | P110: 400 | Q110: 0 | S110: A_TI | T110: 45735 | U110: A_TI | V110: 45735 | W110: 1 | Y110: PT LEUWITEX | AG110: R | AJ110: U/ BAGIAN PERSONALIA (HS CODE : 8523.59.10). ERIK
A111: 1 | B111: 5000000739 | C111: KABEL UTP BELDEN | D111: 10801338 | E111: 3 | F111: ROL | G111: 45742 | H111: INVT-COMP | I111: LJU | J111: LJIV | K111: LI03 | L111: POLU | M111: 1 | P111: 0 | Q111: 3 | S111: A_TI | T111: 45735 | W111: 1 | Y111: PT LEUWITEX | AG111: R | AJ111: URGENT : U/ AREA GD BENANG, GD OBAT & GD BEKAS. (HS CODE : 8517.14.00) ERDI
A112: 2 | B112: 5000000740 | C112: CONECTOR RJ 45 | D112: 10801338 | E112: 100 | F112: BH | G112: 45742 | H112: INVT-COMP | I112: LJU | J112: LJIV | K112: LI03 | L112: POLU | M112: 1 | P112: 99 | Q112: 1 | S112: A_TI | T112: 45735 | W112: 1 | Y112: PT LEUWITEX | AG112: R | AJ112: URGENT : U/ BAGIAN IT. (HS CODE : 8536.70.90) ERDI
A113: 3 | B113: 5000014668 | C113: NVR 16CH DAHUA 4216 | D113: 10801338 | E113: 1 | F113: UNT | G113: 45742 | H113: INVT-COMP | I113: LJU | J113: LJIV | K113: LI03 | L113: POLU | M113: 1 | P113: 0 | Q113: 1 | S113: A_TI | T113: 45735 | W113: 1 | Y113: PT LEUWITEX | AG113: R | AJ113: URGENT : U/ S. MGR. PRODUKSI, TEKNIK, ADMIN & HRD (BPK ZENZEN). (HS CODE : 8521.90.99) ERDI
A114: 4 | B114: 5000015833 | C114: HARDISK 8 TB WD PURPLE | D114: 10801338 | E114: 1 | F114: UNT | G114: 45742 | H114: INVT-COMP | I114: LJU | J114: LJIV | K114: LI03 | L114: POLU | M114: 1 | P114: 0 | Q114: 1 | S114: A_TI | T114: 45735 | W114: 1 | Y114: PT LEUWITEX | AG114: R | AJ114: URGENT : U/ S. MGR. PRODUKSI, TEKNIK, ADMIN & HRD (BPK ZENZEN). (HS CODE : 8471.50.90) ERDI
A115: 1 | B115: 5000016541 | C115: FLASH DISK 16 GB | D115: 10801342 | E115: 2 | F115: BH | G115: 45743 | H115: INVT-COMP | I115: LJU | J115: LJIV | K115: LI03 | L115: POLU | M115: 0 | P115: 2 | Q115: 0 | S115: A_TI | T115: 45736 | W115: 1 | Y115: PT LEUWITEX | AG115: R | AJ115: U/ BAGIAN GA (HS CODE : 8523.29.71). RISWADI
A116: 2 | B116: 5000015861 | C116: KAMERA WATERPROOF IP 4MP DAHUA POE | D116: 10801342 | E116: 8 | F116: UNT | G116: 45743 | H116: INVT-COMP | I116: LJU | J116: LJIV | K116: LI03 | L116: POLU | M116: 0 | P116: 8 | Q116: 0 | S116: A_TI | T116: 45736 | W116: 1 | Y116: PT LEUWITEX | AG116: R | AJ116: URGENT : PERMINTAAN BPK ZENZEN ADA PENAMBAHAN AREA PERGUDANGAN (HS CODE : 8525.81.10). IDRUS
A117: 3 | B117: 5000015000 | C117: POE INJECTOR | D117: 10801342 | E117: 8 | F117: UNT | G117: 45743 | H117: INVT-COMP | I117: LJU | J117: LJIV | K117: LI03 | L117: POLU | M117: 0 | P117: 8 | Q117: 0 | S117: A_TI | T117: 45736 | W117: 1 | Y117: PT LEUWITEX | AG117: R | AJ117: URGENT : PERMINTAAN BPK ZENZEN ADA PENAMBAHAN AREA PERGUDANGAN (HS CODE : 8517.79.10). IDRUS
A118: 4 | B118: 5000008843 | C118: MONITOR LCD 19 INCH | D118: 10801342 | E118: 1 | F118: UNT | G118: 45743 | H118: INVT-COMP | I118: LJU | J118: LJIV | K118: LI03 | L118: POLU | M118: 0 | P118: 1 | Q118: 0 | S118: A_TI | T118: 45736 | W118: 1 | Y118: PT LEUWITEX | AG118: R | AJ118: U/ ASST. MGR. TEKNIK (HS CODE : 8528.52.00). REYZA
A119: 5 | B119: 5000016308 | C119: CPU BUILDUP | D119: 10801342 | E119: 1 | F119: UNT | G119: 45743 | H119: INVT-COMP | I119: LJU | J119: LJIV | K119: LI03 | L119: POLU | M119: 0 | P119: 1 | Q119: 0 | S119: A_TI | T119: 45736 | W119: 1 | Y119: PT LEUWITEX | AG119: R | AJ119: U/ ASST. MGR. TEKNIK (HS CODE : 8479.89.50). REYZA
A120: 6 | B120: 5000005059 | C120: KEYBOARD USB | D120: 10801342 | E120: 1 | F120: BH | G120: 45743 | H120: INVT-COMP | I120: LJU | J120: LJIV | K120: LI03 | L120: POLU | M120: 0 | P120: 1 | Q120: 0 | S120: A_TI | T120: 45736 | W120: 1 | Y120: PT LEUWITEX | AG120: R | AJ120: U/ ASST. MGR. TEKNIK (HS CODE : 8471.60.30). REYZA
A121: 7 | B121: 5000004248 | C121: MOUSE USB | D121: 10801342 | E121: 1 | F121: BH | G121: 45743 | H121: INVT-COMP | I121: LJU | J121: LJIV | K121: LI03 | L121: POLU | M121: 0 | P121: 1 | Q121: 0 | S121: A_TI | T121: 45736 | W121: 1 | Y121: PT LEUWITEX | AG121: R | AJ121: U/ ASST. MGR. TEKNIK (HS CODE : 8471.60.40). REYZA
A122: 8 | B122: 5000014904 | C122: FINGER SCAN SOLUTION X100-C | D122: 10801342 | E122: 1 | F122: UNT | G122: 45743 | H122: INVT-COMP | I122: LJU | J122: LJIV | K122: LI03 | L122: POLU | M122: 0 | P122: 1 | Q122: 0 | S122: A_TI | T122: 45736 | W122: 1 | Y122: PT LEUWITEX | AG122: R | AJ122: U/ MENGGANTI YANG RUSAK DI AREA LJ2 (HS CODE : 8471.90.30). ERIK
... A133: 1 | B133: 5000016728 | C133: SWITCH D-LINK 8 PORT | D133: 10801463 | E133: 1 | F133: UNT | G133: 45761 | H133: INVT-COMP | I133: LJU | J133: LJIV | K133: LI03 | L133: POLU | M133: 0 | P133: 1 | Q133: 0 | S133: A_TI | T133: 45754 | W133: 1 | Y133: PT LEUWITEX | AG133: R | AJ133: U/ BAGIAN IT (HS CODE : 8517.79.10). ERDI
A134: 2 | B134: 5000016779 | C134: SWITCH D-LINK 16 PORT | D134: 10801463 | E134: 1 | F134: UNT | G134: 45761 | H134: INVT-COMP | I134: LJU | J134: LJIV | K134: LI03 | L134: POLU | M134: 0 | P134: 1 | Q134: 0 | S134: A_TI | T134: 45754 | U134: A_TI | V134: 45754 | W134: 1 | Y134: PT LEUWITEX | AG134: R | AJ134: U/ AREA PPC PROC LJ3 (HS CODE : 8517.79.10). TIO
A135: 1 | B135: 5000016930 | C135: PRINT SERVER | D135: 10801473 | E135: 1 | F135: BH | G135: 45762 | H135: INVT-COMP | I135: LJU | J135: LJIV | K135: LI03 | L135: POLU | M135: 0 | P135: 1 | Q135: 0 | S135: A_TI | T135: 45755 | W135: 1 | Y135: PT LEUWITEX | AG135: R | AJ135: U/ MENGGANTI YG RUSAK BAGIAN GD PACKING (HS CODE : 8517.79.10). TIO
A136: 2 | B136: 5000016693 | C136: DVR DAHUA 4 CH | D136: 10801473 | E136: 1 | F136: BH | G136: 45762 | H136: INVT-COMP | I136: LJU | J136: LJIV | K136: LI03 | L136: POLU | M136: 0 | P136: 1 | Q136: 0 | S136: A_TI | T136: 45755 | W136: 1 | Y136: PT LEUWITEX | AG136: R | AJ136: U/ MESIN STENTER 2, BAGIAN MTC PROCESSING LJ2 (HS CODE : 8517.79.10). HARRY
A137: 3 | B137: 5000016692 | C137: KAMERA HDCVI DAHUA | D137: 10801473 | E137: 1 | F137: UNT | G137: 45762 | H137: INVT-COMP | I137: LJU | J137: LJIV | K137: LI03 | L137: POLU | M137: 0 | P137: 1 | Q137: 0 | S137: A_TI | T137: 45755 | W137: 1 | Y137: PT LEUWITEX | AG137: R | AJ137: U/ MESIN STENTER 2, BAGIAN MTC PROCESSING LJ2 (HS CODE : 8525.81.10). HARRY
A138: 1 | B138: 5000014291 | C138: KABEL HDMI | D138: 10801580 | E138: 1 | F138: PCS | G138: 45766 | H138: INVT-COMP | I138: LJU | J138: LJIV | K138: LI03 | L138: POLU | M138: 0 | P138: 1 | Q138: 0 | S138: A_TI | T138: 45759 | W138: 1 | Y138: PT LEUWITEX | AG138: R | AJ138: UKURAN 15 METER, U/ RUANG 234 (HS CODE : 8544.20.31). TIO
A139: 2 | B139: 5000015382 | C139: ADAPTOR CCTV | D139: 10801580 | E139: 1 | F139: PCS | G139: 45766 | H139: INVT-COMP | I139: LJU | J139: LJIV | K139: LI03 | L139: POLU | M139: 0 | P139: 1 | Q139: 0 | S139: A_TI | T139: 45759 | W139: 1 | Y139: PT LEUWITEX | AG139: R | AJ139: U/ CCTV MESIN STENTER 2, BAGIAN MTC PROCESSING LJ2, PR 10801473 (HS CODE : 8525.81.10). HARRY
A140: 1 | B140: 5000017752 | C140: KABEL USB TO SERIAL | D140: 10801637 | E140: 2 | F140: BH | G140: 45769 | H140: INVT-COMP | I140: LJU | J140: LJIV | K140: LI03 | L140: POLU | M140: 0 | P140: 2 | Q140: 0 | S140: A_TI | T140: 45762 | W140: 1 | Y140: PT LEUWITEX | AG140: R | AJ140: U/ PROCESSING LJ1 : UNTUK KABEL USB LAPTOP MTC PROCESSING YANG RUSAK (HS CODE : 8544.20.31). AJID
A141: 2 | B141: 5000015861 | C141: KAMERA WATERPROOF IP 4MP DAHUA POE | D141: 10801637 | E141: 1 | F141: UNT | G141: 45770 | H141: INVT-COMP | I141: LJU | J141: LJIV | K141: LI03 | L141: POLU | M141: 0 | P141: 1 | Q141: 0 | S141: A_TI | T141: 45763 | W141: 1 | Y141: PT LEUWITEX | AG141: R | AJ141: U/ AREA IPAL (HS CODE : 8525.81.10). RICKY
A142: 3 | B142: 5000015000 | C142: POE INJECTOR | D142: 10801637 | E142: 1 | F142: UNT | G142: 45770 | H142: INVT-COMP | I142: LJU | J142: LJIV | K142: LI03 | L142: POLU | M142: 0 | P142: 1 | Q142: 0 | S142: A_TI | T142: 45763 | W142: 1 | Y142: PT LEUWITEX | AG142: R | AJ142: U/ AREA IPAL (HS CODE : 8517.79.10). RICKY
A143: 1 | B143: 5000008843 | C143: MONITOR LCD 19 INCH | D143: 10801659 | E143: 1 | F143: UNT | G143: 45771 | H143: INVT-COMP | I143: LJU | J143: LJIV | K143: LI03 | L143: POLU | M143: 0 | P143: 1 | Q143: 0 | S143: A_TI | T143: 45764 | W143: 1 | Y143: PT LEUWITEX | AG143: R | AJ143: U/ BAGIAN MTC. MACHCRIMPER (HS CODE : 8528.52.00). WAHDYAT
A144: 2 | B144: 5000016308 | C144: CPU BUILDUP | D144: 10801659 | E144: 1 | F144: UNT | G144: 45771 | H144: INVT-COMP | I144: LJU | J144: LJIV | K144: LI03 | L144: POLU | M144: 0 | P144: 1 | Q144: 0 | S144: A_TI | T144: 45764 | W144: 1 | Y144: PT LEUWITEX | AG144: R | AJ144: U/ BAGIAN MTC. MACHCRIMPER (HS CODE : 8479.89.50). WAHDYAT
A145: 3 | B145: 5000005059 | C145: KEYBOARD USB | D145: 10801659 | E145: 1 | F145: BH | G145: 45771 | H145: INVT-COMP | I145: LJU | J145: LJIV | K145: LI03 | L145: POLU | M145: 0 | P145: 1 | Q145: 0 | S145: A_TI | T145: 45764 | W145: 1 | Y145: PT LEUWITEX | AG145: R | AJ145: U/ BAGIAN MTC. MACHCRIMPER (HS CODE : 8471.60.30). WAHDYAT
A146: 4 | B146: 5000004248 | C146: MOUSE USB | D146: 10801659 | E146: 1 | F146: BH | G146: 45771 | H146: INVT-COMP | I146: LJU | J146: LJIV | K146: LI03 | L146: POLU | M146: 0 | P146: 1 | Q146: 0 | S146: A_TI | T146: 45764 | W146: 1 | Y146: PT LEUWITEX | AG146: R | AJ146: U/ BAGIAN MTC. MACHCRIMPER (HS CODE : 8471.60.40). WAHDYAT
... A184: 9 | B184: 5000017799 | C184: THERMAL PASTE | D184: 10802086 | E184: 5 | F184: BH | G184: 45797 | H184: INVT-COMP | I184: LJU | J184: LJIV | K184: LI03 | L184: POLU | M184: 0 | P184: 5 | Q184: 0 | S184: A_TI | T184: 45790 | W184: 1 | Y184: PT LEUWITEX | AG184: R | AJ184: U/ BAGIAN IT. RICKY
A185: 10 | B185: 5000005340 | C185: POWER SUPLY ATX 450 WATT | D185: 10802086 | E185: 5 | F185: UNT | G185: 45797 | H185: INVT-COMP | I185: LJU | J185: LJIV | K185: LI03 | L185: POLU | M185: 0 | P185: 5 | Q185: 0 | S185: A_TI | T185: 45790 | U185: A_TI | V185: 45790 | W185: 1 | Y185: PT LEUWITEX | AG185: R | AJ185: URGENT : U/ MENGGANTI YANG RUSAK BAGIAN FINAL LJ1, GD PACKING, LAB, GA & DF LJ1 (HS CODE : 8414.59.10). RICKY
A186: 1 | B186: 5000017801 | C186: MONITOR TV 60 INCH | D186: 10802117 | E186: 1 | F186: UNT | G186: 45798 | H186: INVT-COMP | I186: LJU | J186: LJIV | K186: LI03 | L186: POLU | M186: 0 | P186: 1 | Q186: 0 | S186: A_TI | T186: 45791 | W186: 1 | Y186: PT LEUWITEX | AG186: R | AJ186: U/ PJS FACTORY MANAGER (BPK ZENZEN) (HS CODE : 8528.52.00). DETA
A187: 2 | B187: 5000017802 | C187: LAPTOP LENOVO I5 V15 | D187: 10802117 | E187: 1 | F187: UNT | G187: 45798 | H187: INVT-COMP | I187: LJU | J187: LJIV | K187: LI03 | L187: POLU | M187: 0 | P187: 1 | Q187: 0 | S187: A_TI | T187: 45791 | W187: 1 | Y187: PT LEUWITEX | AG187: R | AJ187: U/ PJS FACTORY MANAGER (BPK ZENZEN) (HS CODE : 8507.60.31). DETA
A188: 3 | B188: 5000011960 | C188: BRACKET TV | D188: 10802117 | E188: 1 | F188: BH | G188: 45798 | H188: INVT-COMP | I188: LJU | J188: LJIV | K188: LI03 | L188: POLU | M188: 0 | P188: 1 | Q188: 0 | S188: A_TI | T188: 45791 | W188: 1 | Y188: PT LEUWITEX | AG188: R | AJ188: BRACKET YANG STANDING UKURAN 32 - 75 INCH, U/ PJS FACTORY MANAGER (BPK ZENZEN) (HS CODE : 8714.99.91). DETA
A189: 4 | B189: 5000014291 | C189: KABEL HDMI | D189: 10802117 | E189: 1 | F189: PCS | G189: 45798 | H189: INVT-COMP | I189: LJU | J189: LJIV | K189: LI03 | L189: POLU | M189: 0 | P189: 1 | Q189: 0 | S189: A_TI | T189: 45791 | W189: 1 | Y189: PT LEUWITEX | AG189: R | AJ189: UKURAN 5 METER, U/ PJS FACTORY MANAGER (BPK ZENZEN) (HS CODE : 8544.20.31). IDRUS
A190: 1 | B190: 5000008929 | C190: FAN PROCESSOR P4 LGA | D190: 10802122 | E190: 1 | F190: BH | G190: 45799 | H190: INVT-COMP | I190: LJU | J190: LJIV | K190: LI03 | L190: POLU | M190: 1 | P190: 0 | Q190: 1 | S190: A_TI | T190: 45792 | W190: 1 | Y190: PT LEUWITEX | AG190: R | AJ190: U/ MENGGANTI YANG RUSAK BAGIAN PERSIAPAN LJ2 (HS CODE : 8414.59.10). RICKY
A191: 1 | B191: 5000004248 | C191: MOUSE USB | D191: 10802149 | E191: 6 | F191: BH | G191: 45800 | H191: INVT-COMP | I191: LJU | J191: LJIV | K191: LI03 | L191: POLU | M191: 1 | P191: 0 | Q191: 6 | S191: A_TI | T191: 45793 | W191: 1 | Y191: PT LEUWITEX | AG191: R | AJ191: U/ MENGGANTI YANG RUSAK BAGIAN QA (3) DAN KEUANGAN (3) (HS CODE : 8471.60.40). MARYAM & FAJAR
A192: 2 | B192: 5000005059 | C192: KEYBOARD USB | D192: 10802149 | E192: 4 | F192: BH | G192: 45800 | H192: INVT-COMP | I192: LJU | J192: LJIV | K192: LI03 | L192: POLU | M192: 1 | P192: 0 | Q192: 4 | S192: A_TI | T192: 45793 | W192: 1 | Y192: PT LEUWITEX | AG192: R | AJ192: U/ MENGGANTI YANG RUSAK BAGIAN QA (3) DAN KEUANGAN (1) (HS CODE : 8471.60.30). MARYAM & FAJAR
A193: 1 | B193: 5000008843 | C193: MONITOR LCD 19 INCH | D193: 10802177 | E193: 2 | F193: UNT | G193: 45803 | H193: INVT-COMP | I193: LJU | J193: LJIV | K193: LI03 | L193: POLU | M193: 1 | P193: 0 | Q193: 2 | S193: A_TI | T193: 45796 | W193: 1 | Y193: PT LEUWITEX | AG193: R | AJ193: U/ BAGIAN MTC PERSIAPAN LJ2 & RND (HS CODE : 8528.52.00). ARINI & ANDREAS
A194: 2 | B194: 5000005059 | C194: KEYBOARD USB | D194: 10802177 | E194: 2 | F194: BH | G194: 45803 | H194: INVT-COMP | I194: LJU | J194: LJIV | K194: LI03 | L194: POLU | M194: 1 | P194: 0 | Q194: 2 | S194: A_TI | T194: 45796 | W194: 1 | Y194: PT LEUWITEX | AG194: R | AJ194: U/ BAGIAN MTC PERSIAPAN LJ2 & RND (HS CODE : 8471.60.30). ARINI & ANDREAS
A195: 3 | B195: 5000004248 | C195: MOUSE USB | D195: 10802177 | E195: 2 | F195: BH | G195: 45803 | H195: INVT-COMP | I195: LJU | J195: LJIV | K195: LI03 | L195: POLU | M195: 1 | P195: 0 | Q195: 2 | S195: A_TI | T195: 45796 | W195: 1 | Y195: PT LEUWITEX | AG195: R | AJ195: U/ BAGIAN MTC PERSIAPAN LJ2 & RND (HS CODE : 8471.60.40). ARINI & ANDREAS
A196: 4 | B196: 5000016308 | C196: CPU BUILDUP | D196: 10802177 | E196: 2 | F196: UNT | G196: 45803 | H196: INVT-COMP | I196: LJU | J196: LJIV | K196: LI03 | L196: POLU | M196: 1 | P196: 0 | Q196: 2 | S196: A_TI | T196: 45796 | W196: 1 | Y196: PT LEUWITEX | AG196: R | AJ196: U/ BAGIAN MTC PERSIAPAN LJ2 & RND (HS CODE : 8479.89.50). ARINI & ANDREAS
A197: 5 | B197: 5000012021 | C197: KABEL VGA | D197: 10802177 | E197: 2 | F197: BH | G197: 45803 | H197: INVT-COMP | I197: LJU | J197: LJIV | K197: LI03 | L197: POLU | M197: 1 | P197: 0 | Q197: 2 | S197: A_TI | T197: 45796 | W197: 1 | Y197: PT LEUWITEX | AG197: R | AJ197: U/ BAGIAN MTC PERSIAPAN LJ2 & RND (HS CODE : 8544.20.31). ARINI & ANDREAS
... A203: 1 | B203: 5000016728 | C203: SWITCH D-LINK 8 PORT | D203: 10802306 | E203: 1 | F203: UNT | G203: 45810 | H203: INVT-COMP | I203: LJU | J203: LJIV | K203: LI03 | L203: POLU | M203: 0 | P203: 1 | Q203: 0 | S203: A_TI | T203: 45803 | W203: 1 | Y203: PT LEUWITEX | AG203: R | AJ203: U/ BAGIAN KNITTING (HS CODE : 8517.79.10). TIO
A204: 2 | B204: 5000004248 | C204: MOUSE USB | D204: 10802306 | E204: 13 | F204: BH | G204: 45810 | H204: INVT-COMP | I204: LJU | J204: LJIV | K204: LI03 | L204: POLU | M204: 0 | P204: 13 | Q204: 0 | S204: A_TI | T204: 45803 | U204: A_TI | V204: 45803 | W204: 1 | Y204: PT LEUWITEX | AG204: R | AJ204: FINAL (2), QA (2), PERSIAPAN (1), ERP (2), LABORATORIUM (1), MARKETING (2), PPC GREY (1), GD GREY (1), DAN DF LJ1 (1) (HS CODE : 8471.60.40). ALI & PURKONADI
A205: 3 | B205: 5000008843 | C205: MONITOR LCD 19 INCH | D205: 10802306 | E205: 1 | F205: UNT | G205: 45810 | H205: INVT-COMP | I205: LJU | J205: LJIV | K205: LI03 | L205: POLU | M205: 0 | P205: 1 | Q205: 0 | S205: A_TI | T205: 45803 | W205: 1 | Y205: PT LEUWITEX | AG205: R | AJ205: U/ BAGIAN DF LJ1 (HS CODE : 8528.52.00). PURKONADI
A206: 4 | B206: 5000016308 | C206: CPU BUILDUP | D206: 10802306 | E206: 1 | F206: UNT | G206: 45810 | H206: INVT-COMP | I206: LJU | J206: LJIV | K206: LI03 | L206: POLU | M206: 0 | P206: 1 | Q206: 0 | S206: A_TI | T206: 45803 | W206: 1 | Y206: PT LEUWITEX | AG206: R | AJ206: U/ BAGIAN DF LJ1 (HS CODE : 8479.89.50). PURKONADI
A207: 5 | B207: 5000005059 | C207: KEYBOARD USB | D207: 10802306 | E207: 1 | F207: BH | G207: 45810 | H207: INVT-COMP | I207: LJU | J207: LJIV | K207: LI03 | L207: POLU | M207: 0 | P207: 1 | Q207: 0 | S207: A_TI | T207: 45803 | W207: 1 | Y207: PT LEUWITEX | AG207: R | AJ207: U/ BAGIAN DF LJ1 (HS CODE : 8471.60.30). PURKONADI
A208: 6 | B208: 5000011754 | C208: MOUSE PAD | D208: 10802306 | E208: 1 | F208: BH | G208: 45810 | H208: INVT-COMP | I208: LJU | J208: LJIV | K208: LI03 | L208: POLU | M208: 0 | P208: 1 | Q208: 0 | S208: A_TI | T208: 45803 | W208: 1 | Y208: PT LEUWITEX | AG208: R | AJ208: U/ BAGIAN DF LJ1 (HS CODE : 8471.60.40). PURKONADI
A209: 7 | B209: 5000012021 | C209: KABEL VGA | D209: 10802306 | E209: 1 | F209: BH | G209: 45810 | H209: INVT-COMP | I209: LJU | J209: LJIV | K209: LI03 | L209: POLU | M209: 0 | P209: 1 | Q209: 0 | S209: A_TI | T209: 45803 | W209: 1 | Y209: PT LEUWITEX | AG209: R | AJ209: U/ BAGIAN DF LJ1 (HS CODE : 8544.20.31). PURKONADI
A210: 1 | B210: 5000005059 | C210: KEYBOARD USB | D210: 10802412 | E210: 10 | F210: BH | G210: 45815 | H210: INVT-COMP | I210: LJU | J210: LJIV | K210: LI03 | L210: POLU | M210: 0 | P210: 10 | Q210: 0 | S210: A_TI | T210: 45808 | W210: 1 | Y210: PT LEUWITEX | AG210: R | AJ210: U/ BAGIAN DF (2), QA (1), FINAL (2), LABORATORIUM (1), WEAVING (2), PPC GREY (1) DAN PPC PROCCESSING (1) (HS CODE : 8471.60.30). ALI
A211: 2 | B211: 5000005340 | C211: POWER SUPLY ATX 450 WATT | D211: 10802412 | E211: 1 | F211: UNT | G211: 45815 | H211: INVT-COMP | I211: LJU | J211: LJIV | K211: LI03 | L211: POLU | M211: 0 | P211: 1 | Q211: 0 | S211: A_TI | T211: 45808 | W211: 1 | Y211: PT LEUWITEX | AG211: R | AJ211: U/ BAGIAN GD SPAREPART (HS CODE : 8414.59.10). RICKY
A212: 3 | B212: 5000013499 | C212: KX-TS505SLT (PESAWAT TELEPHONE ) | D212: 10802412 | E212: 1 | F212: UNT | G212: 45817 | H212: INVT-KTR | I212: LJU | J212: LJIV | K212: LI03 | L212: POLU | M212: 0 | P212: 1 | Q212: 0 | S212: A_TI | T212: 45810 | W212: 1 | Y212: PT LEUWITEX | AG212: R | AJ212: U/ BAGIAN BEACUKAI (HS CODE : 8517.14.00). DESSY
A213: 1 | B213: 5000015091 | C213: CONVERTER HDMI TO VGA | D213: 10802429 | E213: 1 | F213: PCS | G213: 45817 | H213: INVT-COMP | I213: LJU | J213: LJIV | K213: LI03 | L213: POLU | M213: 0 | P213: 1 | Q213: 0 | S213: A_TI | T213: 45810 | W213: 1 | Y213: PT LEUWITEX | AG213: R | AJ213: U/ BAGIAN PPC GREY LJ2 (HS CODE : 8454.10.00). RICKY
A214: 1 | B214: 5000008843 | C214: MONITOR LCD 19 INCH | D214: 10802464 | E214: 2 | F214: UNT | G214: 45819 | H214: INVT-COMP | I214: LJU | J214: LJIV | K214: LI03 | L214: POLU | M214: 0 | P214: 2 | Q214: 0 | S214: A_TI | T214: 45812 | U214: A_TI | V214: 45812 | W214: 1 | Y214: PT LEUWITEX | AG214: R | AJ214: URGENT : U/ MENGGANTI YANG RUSAK BAGIAN INSPECTING GREY LJ1 DAN GD GREY (GUDANG BARU) (HS CODE : 8528.52.00). HENGKY & AGUS
A215: 2 | B215: 5000017289 | C215: BRACKET FAN AMD | D215: 10802464 | E215: 3 | F215: BH | G215: 45819 | H215: INVT-COMP | I215: LJU | J215: LJIV | K215: LI03 | L215: POLU | M215: 0 | P215: 3 | Q215: 0 | S215: A_TI | T215: 45812 | W215: 1 | Y215: PT LEUWITEX | AG215: R | AJ215: U/ AREA COMPRESSOR, FINAL LJ2 DAN DF LJ1 (HS CODE : 8471.50.90). RICKY
A216: 3 | B216: 5000016308 | C216: CPU BUILDUP | D216: 10802464 | E216: 1 | F216: UNT | G216: 45819 | H216: INVT-COMP | I216: LJU | J216: LJIV | K216: LI03 | L216: POLU | M216: 0 | P216: 1 | Q216: 0 | S216: A_TI | T216: 45812 | W216: 1 | Y216: PT LEUWITEX | AG216: R | AJ216: U/ BAGIAN GD GREY (GUDANG BARU) . AGUS
A217: 4 | B217: 5000005059 | C217: KEYBOARD USB | D217: 10802464 | E217: 1 | F217: BH | G217: 45819 | H217: INVT-COMP | I217: LJU | J217: LJIV | K217: LI03 | L217: POLU | M217: 0 | P217: 1 | Q217: 0 | S217: A_TI | T217: 45812 | W217: 1 | Y217: PT LEUWITEX | AG217: R | AJ217: U/ BAGIAN GD GREY (GUDANG BARU)(HS CODE : 8471.60.30). AGUS
A218: 5 | B218: 5000004248 | C218: MOUSE USB | D218: 10802464 | E218: 1 | F218: BH | G218: 45819 | H218: INVT-COMP | I218: LJU | J218: LJIV | K218: LI03 | L218: POLU | M218: 0 | P218: 1 | Q218: 0 | S218: A_TI | T218: 45812 | W218: 1 | Y218: PT LEUWITEX | AG218: R | AJ218: U/ BAGIAN GD GREY (GUDANG BARU) . AGUS
A219: 6 | B219: 5000012021 | C219: KABEL VGA | D219: 10802464 | E219: 1 | F219: BH | G219: 45819 | H219: INVT-COMP | I219: LJU | J219: LJIV | K219: LI03 | L219: POLU | M219: 0 | P219: 1 | Q219: 0 | S219: A_TI | T219: 45812 | W219: 1 | Y219: PT LEUWITEX | AG219: R | AJ219: U/ BAGIAN GD GREY (GUDANG BARU) . AGUS
A220: 7 | B220: 5000013008 | C220: PRINTER EPSON LQ-310 | D220: 10802464 | E220: 1 | F220: UNT | G220: 45819 | H220: INVT-COMP | I220: LJU | J220: LJIV | K220: LI03 | L220: POLU | M220: 0 | P220: 1 | Q220: 0 | S220: A_TI | T220: 45812 | W220: 1 | Y220: PT LEUWITEX | AG220: R | AJ220: U/ BAGIAN GD GREY (GUDANG BARU) . AGUS
A221: 1 | B221: 5000016728 | C221: SWITCH D-LINK 8 PORT | D221: 10802487 | E221: 1 | F221: UNT | G221: 45822 | H221: INVT-COMP | I221: LJU | J221: LJIV | K221: LI03 | L221: POLU | M221: 0 | P221: 1 | Q221: 0 | S221: A_TI | T221: 45815 | W221: 1 | Y221: PT LEUWITEX | AG221: R | AJ221: U/ AREA GD GREY (GUDANG BARU) (HS CODE : 8517.79.10). AGUS
A222: 2 | B222: 5000000739 | C222: KABEL UTP BELDEN | D222: 10802487 | E222: 1 | F222: ROL | G222: 45822 | H222: INVT-COMP | I222: LJU | J222: LJIV | K222: LI03 | L222: POLU | M222: 0 | P222: 1 | Q222: 0 | S222: A_TI | T222: 45815 | W222: 1 | Y222: PT LEUWITEX | AG222: R | AJ222: U/ AREA GD GREY (GUDANG BARU) DAN OD&TM (HS CODE : 8517.14.00). IDRUS
A223: 3 | B223: 5000017828 | C223: MONITOR 100 INCH | D223: 10802487 | E223: 1 | F223: UNT | G223: 45822 | H223: INVT-COMP | I223: LJU | J223: LJIV | K223: LI03 | L223: POLU | M223: 1 | P223: 0 | Q223: 1 | S223: A_TI | T223: 45815 | W223: 1 | Y223: PT LEUWITEX | AG223: R | AJ223: U/ KEBUTUHAN RUANG MEETING 234 (HS CODE : 8528.52.00). GODAM
A224: 1 | B224: 5000016930 | C224: PRINT SERVER | D224: 10802496 | E224: 1 | F224: BH | G224: 45824 | H224: INVT-COMP | I224: LJU | J224: LJIV | K224: LI03 | L224: POLU | M224: 0 | P224: 1 | Q224: 0 | S224: A_TI | T224: 45817 | W224: 1 | Y224: PT LEUWITEX | AG224: R | AJ224: U/ BAGIAN QA GREY LJ2 (HS CODE : 8517.79.10). MARYAM
A225: 2 | B225: 5000009123 | C225: ADAPTOR LAPTOP | D225: 10802496 | E225: 1 | F225: UNT | G225: 45824 | H225: INVT-COMP | I225: LJU | J225: LJIV | K225: LI03 | L225: POLU | M225: 0 | P225: 1 | Q225: 0 | S225: A_TI | T225: 45817 | W225: 1 | Y225: PT LEUWITEX | AG225: R | AJ225: U/ LAPTOP HP ASST. MANAGER PRODUKSI (HS CODE : 8517.79.10). KARISA
A226: 1 | B226: 5000000740 | C226: CONECTOR RJ 45 | D226: 10802546 | E226: 200 | F226: BH | G226: 45826 | H226: INVT-COMP | I226: LJU | J226: LJIV | K226: LI03 | L226: POLU | M226: 0 | P226: 200 | Q226: 0 | S226: A_TI | T226: 45819 | W226: 1 | Y226: PT LEUWITEX | AG226: R | AJ226: U/ KEBUTUHAN AUDIT EKSTERNAL (HS CODE : 8536.70.90). TIO
... A251: 1 | B251: 5000000739 | C251: KABEL UTP BELDEN | D251: 10802965 | E251: 1 | F251: ROL | G251: 45847 | H251: INVT-COMP | I251: LJU | J251: LJIV | K251: LI03 | L251: POLU | M251: 0 | P251: 1 | Q251: 0 | S251: A_TI | T251: 45840 | W251: 1 | Y251: PT LEUWITEX | AG251: R | AJ251: U/ UTILITY : AREA WTP LJ2, DAF & IPAL (HS CODE : 8517.14.00). ERLIN
A252: 2 | B252: 5000014291 | C252: KABEL HDMI | D252: 10802965 | E252: 3 | F252: PCS | G252: 45847 | H252: INVT-COMP | I252: LJU | J252: LJIV | K252: LI03 | L252: POLU | M252: 0 | P252: 3 | Q252: 0 | S252: A_TI | T252: 45840 | U252: A_TI | V252: 45840 | W252: 1 | Y252: PT LEUWITEX | AG252: R | AJ252: UKURAN 5 METER, U/ BAGIAN UTILITY : MONITORING CCTV, RUANG MEETING FAT & SHOWROOM 2 (HS CODE : 8544.20.31). ERLIN & INSAN
A253: 3 | B253: 5000013499 | C253: KX-TS505SLT (PESAWAT TELEPHONE ) | D253: 10802965 | E253: 1 | F253: UNT | G253: 45847 | H253: INVT-KTR | I253: LJU | J253: LJIV | K253: LI03 | L253: POLU | M253: 0 | P253: 1 | Q253: 0 | S253: A_TI | T253: 45840 | W253: 1 | Y253: PT LEUWITEX | AG253: R | AJ253: U/ BAGIAN UTILITY (HS CODE : 8517.14.00). ERLIN
A254: 1 | B254: 5000009530 | C254: PATCH CORD ST TO LC MM AMP | D254: 10802986 | E254: 1 | F254: UNT | G254: 45848 | H254: INVT-COMP | I254: LJU | J254: LJIV | K254: LI03 | L254: POLU | M254: 0 | P254: 1 | Q254: 0 | S254: A_TI | T254: 45841 | W254: 1 | Y254: PT LEUWITEX | AG254: R | AJ254: UKURAN 3 METER : U/ BAGIAN IT (HS CODE : 8544.49.49). ERDI
A255: 2 | B255: 5000013802 | C255: MIKROBITS SFP TRANSCEIVER SFP-1G-ZR-SM | D255: 10802986 | E255: 1 | F255: UNT | G255: 45848 | H255: INVT-COMP | I255: LJU | J255: LJIV | K255: LI03 | L255: POLU | M255: 0 | P255: 1 | Q255: 0 | S255: A_TI | T255: 45841 | W255: 1 | Y255: PT LEUWITEX | AG255: R | AJ255: U/ BAGIAN IT. ERDI
A256: 1 | B256: 5000009730 | C256: LAPTOP | D256: 10803047 | E256: 1 | F256: UNT | G256: 45852 | H256: INVT-COMP | I256: LJU | J256: LJIV | K256: LI03 | L256: POLU | M256: 0 | P256: 1 | Q256: 0 | S256: A_TI | T256: 45845 | W256: 1 | Y256: PT LEUWITEX | AG256: R | AJ256: SPESIFIKASI : CORE I5 & FULL HD, U/ MENDUKUNG KONEKTIVITAS KE MONITOR 100" DI RUANG MEETING 234 (HS CODE : 8507.60.31). INSAN
...

Sheet PO 2025
B1: SEQ | C1: PR_CODE | D1: PR_SEQ | E1: ITEM_CODE | F1: ITEM_DESC | G1: PO_QTY | H1: UNIT | I1: DEL_DATE | J1: CAT | K1: NET_PRICE | L1: CURR | M1: MAT_GROUP | N1: PLANT | O1: SLOC | P1: BATCH | Q1: VEN_MAT_NAME | R1: PCGROUP | S1: PCORG | T1: STATUS | U1: POM_CODE | V1: QTY_OPE | W1: QTY_DEL | X1: CREATE_BY | Y1: CREATE_DATE | Z1: MODIFY_BY | AA1: MODIFY_DATE | AB1: GLACC | AC1: TLP | AD1: PLANT_NAME | AE1: P_ADDRESS | AF1: P_CITY | AG1: P_COUNTRY | AH1: MO_CODE | AI1: COST_CENTER | AJ1: INFOREC | AK1: G_WEIGHT | AL1: UNIT_W | AM1: VOLUME | AN1: UNIT_VOL | AO1: OVER_DEL_TOL | AP1: UNDER_DEL_TOL | AQ1: REMINDER | AR1: PLANT_DEL_TIME | AS1: P_ZIP | AT1: P_PROV | AU1: P_TLP | AV1: P_FAX | AW1: P_CONTACT | AX1: DEL_COMP | AY1: COMMENTS | AZ1: PR_SN
B2: 2 | C2: 10800002 | D2: 1 | E2: 5000016255 | F2: SSD SATA 256GB | G2: 2 | H2: BH | I2: 45666 | K2: 343000 | L2: IDR | M2: INVT-COMP | N2: LJU | O2: LJIV | R2: LI03 | S2: POLU | T2: 0 | U2: 79700161 | V2: 2 | W2: 0 | X2: PO_INVT | Y2: 45663 | AD2: PT LEUWITEX | AY2: U/ BAGIAN TRAINING & DEVELOPMENT (HS CODE : 8471.50.90). ERDI
A3: =E3&C3&D3 -> 5000011754108000322 | B3: 1 | C3: 10800032 | D3: 2 | E3: 5000011754 | F3: MOUSE PAD | G3: 1 | H3: BH | I3: 45664 | K3: 20000 | L3: IDR | M3: INVT-COMP | N3: LJU | O3: LJIV | R3: LI03 | S3: POLU | T3: 0 | U3: 79700163 | V3: 0 | W3: 1 | X3: PO_INVT | Y3: 45663 | AD3: PT LEUWITEX | AX3: X | AY3: U/ S. MANAGER PRODUKSI, TEKNIK & HRD (HS CODE : 8471.60.40). DETA
A4: =E4&C4&D4 -> 5000011448108000022 | B4: 3 | C4: 10800002 | D4: 2 | E4: 5000011448 | F4: CABLE USB FOR PRINTER | G4: 2 | H4: UNT | I4: 45666 | K4: 50000 | L4: IDR | M4: INVT-COMP | N4: LJU | O4: LJIV | R4: LI03 | S4: POLU | T4: 0 | U4: 79700166 | V4: 0 | W4: 2 | X4: PO_INVT | Y4: 45663 | AD4: PT LEUWITEX | AX4: X | AY4: URGENT : ORDER YG 3 METER U/ S. MANAGER PRODUKSI, TEKNIK & HRD DAN PEMBELIAN (HS CODE : 8544.20.31). IDRUS
A5: =E5&C5&D5 -> 5000008929108000321 | B5: 4 | C5: 10800032 | D5: 1 | E5: 5000008929 | F5: FAN PROCESSOR P4 LGA | G5: 6 | H5: BH | I5: 45667 | K5: 150000 | L5: IDR | M5: INVT-COMP | N5: LJU | O5: LJIV | R5: LI03 | S5: POLU | T5: 0 | U5: 79700166 | V5: 0 | W5: 6 | X5: PO_INVT | Y5: 45663 | AD5: PT LEUWITEX | AX5: X | AY5: U/ BAGIAN IT (3), FINAL LJU, GD PACKING, PPC PROCESSING LJ1 (HS CODE : 8414.59.10). ERDI
A6: =E6&C6&D6 -> 5000016308108000621 | B6: 1 | C6: 10800062 | D6: 1 | E6: 5000016308 | F6: CPU BUILDUP | G6: 3 | H6: UNT | I6: 45668 | K6: 2980000 | L6: IDR | M6: INVT-COMP | N6: LJU | O6: LJIV | R6: LI03 | S6: POLU | T6: 0 | U6: 79700363 | V6: 3 | W6: 0 | X6: PO_INVT | Y6: 45667 | Z6: PO_INVT | AA6: 45667 | AD6: PT LEUWITEX | AY6: U/ PROGRAM APLIKASI BARU GD GREY LJ1 (I5 GEN 6) (HS CODE : 8479.89.50). AGUS
A7: =E7&C7&D7 -> 5000016255108000622 | B7: 2 | C7: 10800062 | D7: 2 | E7: 5000016255 | F7: SSD SATA 256GB | G7: 2 | H7: BH | I7: 45668 | K7: 343000 | L7: IDR | M7: INVT-COMP | N7: LJU | O7: LJIV | R7: LI03 | S7: POLU | T7: 0 | U7: 79700363 | V7: 2 | W7: 0 | X7: PO_INVT | Y7: 45667 | AD7: PT LEUWITEX | AY7: U/ PROGRAM APLIKASI BARU GD GREY LJ1 (HS CODE : 8479.89.50). AGUS
A8: =E8&C8&D8 -> 5000016308108000621 | B8: 1 | C8: 10800062 | D8: 1 | E8: 5000016308 | F8: CPU BUILDUP | G8: 1 | H8: UNT | I8: 45668 | K8: 2980000 | L8: IDR | M8: INVT-COMP | N8: LJU | O8: LJIV | R8: LI03 | S8: POLU | T8: 0 | U8: 79700364 | V8: 1 | W8: 0 | X8: PO_INVT | Y8: 45667 | Z8: PO_INVT | AA8: 45667 | AD8: PT LEUWITEX | AY8: U/ PROGRAM APLIKASI BARU GD GREY LJ2( I5 GEN 6) (HS CODE : 8479.89.50). AGUS
A9: =E9&C9&D9 -> 5000016255108000622 | B9: 2 | C9: 10800062 | D9: 2 | E9: 5000016255 | F9: SSD SATA 256GB | G9: 2 | H9: BH | I9: 45668 | K9: 343000 | L9: IDR | M9: INVT-COMP | N9: LJU | O9: LJIV | R9: LI03 | S9: POLU | T9: 0 | U9: 79700364 | V9: 2 | W9: 0 | X9: PO_INVT | Y9: 45667 | AD9: PT LEUWITEX | AY9: U/ PROGRAM APLIKASI BARU GD GREY LJ2 (HS CODE : 8479.89.50). AGUS
A10: =E10&C10&D10 -> 5000016255108000021 | B10: 2 | C10: 10800002 | D10: 1 | E10: 5000016255 | F10: SSD SATA 256GB | G10: 2 | H10: BH | I10: 45666 | K10: 343000 | L10: IDR | M10: INVT-COMP | N10: LJU | O10: LJIV | R10: LI03 | S10: POLU | T10: 0 | U10: 79700161 | V10: 2 | W10: 0 | X10: PO_INVT | Y10: 45663 | AD10: PT LEUWITEX | AY10: U/ BAGIAN TRAINING & DEVELOPMENT (HS CODE : 8471.50.90). ERDI
B11: 1 | C11: 10800139 | D11: 4 | E11: 5000005059 | F11: KEYBOARD USB | G11: 1 | H11: BH | I11: 45673 | K11: 95000 | L11: IDR | M11: INVT-COMP | N11: LJU | O11: LJIV | R11: LI03 | S11: POLU | T11: 0 | U11: 79700679 | V11: 1 | W11: 0 | X11: PO_INVT | Y11: 45678 | AD11: PT LEUWITEX | AY11: U/ RUANG MEETING BAGIAN DF LJ1 (HS CODE : 8471.60.30). ERISA
A12: =E12&C12&D12 -> 5000004248108001395 | B12: 2 | C12: 10800139 | D12: 5 | E12: 5000004248 | F12: MOUSE USB | G12: 1 | H12: BH | I12: 45673 | K12: 65000 | L12: IDR | M12: INVT-COMP | N12: LJU | O12: LJIV | R12: LI03 | S12: POLU | T12: 0 | U12: 79700679 | V12: 1 | W12: 0 | X12: PO_INVT | Y12: 45678 | AD12: PT LEUWITEX | AY12: U/ RUANG MEETING BAGIAN DF LJ1 (HS CODE : 8471.60.40). ERISA
A13: =E13&C13&D13 -> 5000013640108001397 | B13: 3 | C13: 10800139 | D13: 7 | E13: 5000013640 | F13: CONNECTOR TELEPHONE | G13: 10 | H13: BH | I13: 45673 | K13: 15000 | L13: IDR | M13: INVT-KTR | N13: LJU | O13: LJIV | R13: LI03 | S13: POLU | T13: 0 | U13: 79700679 | V13: 10 | W13: 0 | X13: PO_INVT | Y13: 45678 | AD13: PT LEUWITEX | AY13: U/ BAGIAN IT, PPC (3), HRD (3), RND DAN MARKETING (2) (HS CODE : 8518.40.20). ERDI
A14: =E14&C14&D14 -> 5000005059108002351 | B14: 4 | C14: 10800235 | D14: 1 | E14: 5000005059 | F14: KEYBOARD USB | G14: 10 | H14: BH | I14: 45679 | K14: 95000 | L14: IDR | M14: INVT-COMP | N14: LJU | O14: LJIV | R14: LI03 | S14: POLU | T14: 0 | U14: 79700679 | V14: 10 | W14: 0 | X14: PO_INVT | Y14: 45678 | AD14: PT LEUWITEX | AY14: U/ BAGIAN QA (2), WEAVING, FINAL, GA, PERSIAPAN LJ3, PPC GREY, MARKETING (2) DAN RND (HS CODE : 8471.60.30). ALI
A15: =E15&C15&D15 -> 5000016541108002711 | B15: 1 | C15: 10800271 | D15: 1 | E15: 5000016541 | F15: FLASH DISK 16 GB | G15: 3 | H15: BH | I15: 45680 | K15: 75000 | L15: IDR | M15: INVT-COMP | N15: LJU | O15: LJIV | R15: LI03 | S15: POLU | T15: 0 | U15: 79700680 | V15: 3 | W15: 0 | X15: PO_INVT | Y15: 45678 | AD15: PT LEUWITEX | AY15: U/ BAGIAN BI : PROYEK BALI, ASURANSI (HS CODE : 8523.29.71). REYZA
A16: =E16&C16&D16 -> 5000005059108001394 | B16: 1 | C16: 10800139 | D16: 4 | E16: 5000005059 | F16: KEYBOARD USB | G16: 1 | H16: BH | I16: 45673 | K16: 95000 | L16: IDR | M16: INVT-COMP | N16: LJU | O16: LJIV | R16: LI03 | S16: POLU | T16: 0 | U16: 79700679 | V16: 1 | W16: 0 | X16: PO_INVT | Y16: 45678 | AD16: PT LEUWITEX | AY16: U/ RUANG MEETING BAGIAN DF LJ1 (HS CODE : 8471.60.30). ERISA
A17: =E17&C17&D17 -> 5000004248108001395 | B17: 2 | C17: 10800139 | D17: 5 | E17: 5000004248 | F17: MOUSE USB | G17: 1 | H17: BH | I17: 45673 | K17: 65000 | L17: IDR | M17: INVT-COMP | N17: LJU | O17: LJIV | R17: LI03 | S17: POLU | T17: 0 | U17: 79700679 | V17: 1 | W17: 0 | X17: PO_INVT | Y17: 45678 | AD17: PT LEUWITEX | AY17: U/ RUANG MEETING BAGIAN DF LJ1 (HS CODE : 8471.60.40). ERISA
A18: =E18&C18&D18 -> 5000013640108001397 | B18: 3 | C18: 10800139 | D18: 7 | E18: 5000013640 | F18: CONNECTOR TELEPHONE | G18: 10 | H18: BH | I18: 45673 | K18: 15000 | L18: IDR | M18: INVT-KTR | N18: LJU | O18: LJIV | R18: LI03 | S18: POLU | T18: 0 | U18: 79700679 | V18: 10 | W18: 0 | X18: PO_INVT | Y18: 45678 | AD18: PT LEUWITEX | AY18: U/ BAGIAN IT, PPC (3), HRD (3), RND DAN MARKETING (2) (HS CODE : 8518.40.20). ERDI
A19: =E19&C19&D19 -> 5000015861108002131 | B19: 1 | C19: 10800213 | D19: 1 | E19: 5000015861 | F19: KAMERA WATERPROOF IP 4MP DAHUA POE | G19: 4 | H19: UNT | I19: 45678 | K19: 1000000 | L19: IDR | M19: INVT-COMP | N19: LJU | O19: LJIV | R19: LI03 | S19: POLU | T19: 0 | U19: 79700733 | V19: 4 | W19: 0 | X19: PO_INVT | Y19: 45678 | AD19: PT LEUWITEX | AY19: U/ AREA GUDANG BARU (BENANG & PACKING) (HS CODE : 8525.81.10). DESSY
A20: =E20&C20&D20 -> 5000015000108002132 | B20: 2 | C20: 10800213 | D20: 2 | E20: 5000015000 | F20: POE INJECTOR | G20: 4 | H20: UNT | I20: 45678 | K20: 350000 | L20: IDR | M20: INVT-COMP | N20: LJU | O20: LJIV | R20: LI03 | S20: POLU | T20: 0 | U20: 79700733 | V20: 4 | W20: 0 | X20: PO_INVT | Y20: 45678 | AD20: PT LEUWITEX | AY20: U/ AREA GUDANG BARU (BENANG & PACKING) (HS CODE : 8517.79.10). DESSY
A21: =E21&C21&D21 -> 5000005059108003092 | B21: 1 | C21: 10800309 | D21: 2 | E21: 5000005059 | F21: KEYBOARD USB | G21: 1 | H21: BH | I21: 45682 | K21: 95000 | L21: IDR | M21: INVT-COMP | N21: LJU | O21: LJIV | R21: LI03 | S21: POLU | T21: 0 | U21: 79700786 | V21: 1 | W21: 0 | X21: PO_INVT | Y21: 45679 | AD21: PT LEUWITEX | AY21: U/ KADEPT HRD OPERASIONAL YANG BARU (HS CODE : 8471.60.30). AYU
A22: =E22&C22&D22 -> 5000004248108003093 | B22: 2 | C22: 10800309 | D22: 3 | E22: 5000004248 | F22: MOUSE USB | G22: 1 | H22: BH | I22: 45682 | K22: 65000 | L22: IDR | M22: INVT-COMP | N22: LJU | O22: LJIV | R22: LI03 | S22: POLU | T22: 0 | U22: 79700786 | V22: 1 | W22: 0 | X22: PO_INVT | Y22: 45679 | AD22: PT LEUWITEX | AY22: U/ KADEPT HRD OPERASIONAL YANG BARU (HS CODE : 8471.60.40). AYU
A23: =E23&C23&D23 -> 5000012021108003095 | B23: 3 | C23: 10800309 | D23: 5 | E23: 5000012021 | F23: KABEL VGA | G23: 1 | H23: BH | I23: 45682 | K23: 30000 | L23: IDR | M23: INVT-COMP | N23: LJU | O23: LJIV | R23: LI03 | S23: POLU | T23: 0 | U23: 79700786 | V23: 1 | W23: 0 | X23: PO_INVT | Y23: 45679 | AD23: PT LEUWITEX | AY23: U/ KADEPT HRD OPERASIONAL YANG BARU (HS CODE : 8544.20.31). AYU
... A41: =E41&C41&D41 -> 5000016428108001396 | B41: 2 | C41: 10800139 | D41: 6 | E41: 5000016428 | F41: PRINTER EPSON L-121 | G41: 1 | H41: UNT | I41: 45673 | K41: 1531532 | L41: IDR | M41: INVT-COMP | N41: LJU | O41: LJIV | R41: LI03 | S41: POLU | T41: 0 | U41: 79700802 | V41: 1 | W41: 0 | X41: PO_INVT | Y41: 45680 | AD41: PT LEUWITEX | AY41: (FP : KB PPN 0%)U/ BAGIAN MTC GREY LJ3 (HS CODE : 8443.31.11). WAHDYAT
A42: =E42&C42&D42 -> 5000017216108003091 | B42: 3 | C42: 10800309 | D42: 1 | E42: 5000017216 | F42: MONITOR LCD 22 INCH | G42: 1 | H42: UNT | I42: 45682 | K42: 1013514 | L42: IDR | M42: INVT-COMP | N42: LJU | O42: LJIV | R42: LI03 | S42: POLU | T42: 0 | U42: 79700802 | V42: 1 | W42: 0 | X42: PO_INVT | Y42: 45680 | Z42: PO_INVT | AA42: 45680 | AD42: PT LEUWITEX | AY42: (FP : KB PPN 0%)U/ KADEPT HRD OPERASIONAL YANG BARU (LENOVO L22E-40)(HS CODE : 8528.52.00). AYU
A43: =E43&C43&D43 -> 5000016728108000971 | B43: 1 | C43: 10800097 | D43: 1 | E43: 5000016728 | F43: SWITCH D-LINK 8 PORT | G43: 1 | H43: UNT | I43: 45671 | K43: 346847 | L43: IDR | M43: INVT-COMP | N43: LJU | O43: LJIV | R43: LI03 | S43: POLU | T43: 0 | U43: 79700803 | V43: 1 | W43: 0 | X43: PO_INVT | Y43: 45680 | AD43: PT LEUWITEX | AY43: (FP : KB PPN 0%) U/ MTC PERSIAPAN LJ2 (HS CODE : 8517.79.10). TIO
A44: =E44&C44&D44 -> 5000016428108004291 | B44: 1 | C44: 10800429 | D44: 1 | E44: 5000016428 | F44: PRINTER EPSON L-121 | G44: 1 | H44: UNT | I44: 45688 | K44: 1531532 | L44: IDR | M44: INVT-COMP | N44: LJU | O44: LJIV | R44: LI03 | S44: POLU | T44: 0 | U44: 79701173 | V44: 1 | W44: 0 | X44: PO_INVT | Y44: 45692 | AD44: PT LEUWITEX | AY44: (FP : KB PPN 0%) U/ PENAMBAHAN DI RUANG BARU BAGIAN UTILITY (HS CODE : 8443.31.11). ERLIN
A45: =E45&C45&D45 -> 5000008843108004501 | B45: 2 | C45: 10800450 | D45: 1 | E45: 5000008843 | F45: MONITOR LCD 19 INCH | G45: 1 | H45: UNT | I45: 45689 | K45: 923424 | L45: IDR | M45: INVT-COMP | N45: LJU | O45: LJIV | R45: LI03 | S45: POLU | T45: 0 | U45: 79701173 | V45: 1 | W45: 0 | X45: PO_INVT | Y45: 45692 | AD45: PT LEUWITEX | AY45: (FP : KB PPN 0%) U/ BAGIAN RND PROCESSING LJ1 (HS CODE : 8528.52.00). TETEN
A46: =E46&C46&D46 -> 5000008843108005371 | B46: 3 | C46: 10800537 | D46: 1 | E46: 5000008843 | F46: MONITOR LCD 19 INCH | G46: 1 | H46: UNT | I46: 45695 | K46: 923424 | L46: IDR | M46: INVT-COMP | N46: LJU | O46: LJIV | R46: LI03 | S46: POLU | T46: 0 | U46: 79701173 | V46: 1 | W46: 0 | X46: PO_INVT | Y46: 45692 | AD46: PT LEUWITEX | AY46: (FP : KB PPN 0%) U/ PIMPINAN PERSIAPAN LJ3 YG BARU (HS CODE : 8528.52.00). DJAFAR
A47: =E47&C47&D47 -> 5000009128108003711 | B47: 1 | C47: 10800371 | D47: 1 | E47: 5000009128 | F47: KABEL POWER SATA | G47: 5 | H47: BH | I47: 45686 | K47: 90000 | L47: IDR | M47: INVT-COMP | N47: LJU | O47: LJIV | R47: LI03 | S47: POLU | T47: 0 | U47: 79701193 | V47: 5 | W47: 0 | X47: PO_INVT | Y47: 45692 | AD47: PT LEUWITEX | AY47: U/ BAGIAN IT (4 PIN)(HS CODE : 8544.20.31). TIO
A48: =E48&C48&D48 -> 5000014667108003713 | B48: 2 | C48: 10800371 | D48: 3 | E48: 5000014667 | F48: ADAPTER 5V | G48: 1 | H48: UNT | I48: 45686 | K48: 70000 | L48: IDR | M48: INVT-COMP | N48: LJU | O48: LJIV | R48: LI03 | S48: POLU | T48: 0 | U48: 79701193 | V48: 1 | W48: 0 | X48: PO_INVT | Y48: 45692 | AD48: PT LEUWITEX | AY48: U/ MENGGANTI YG RUSAK BAGIAN DF LJ1 (HS CODE : 8517.79.10). TIO
A49: =E49&C49&D49 -> 5000016308108004504 | B49: 3 | C49: 10800450 | D49: 4 | E49: 5000016308 | F49: CPU BUILDUP | G49: 1 | H49: UNT | I49: 45689 | K49: 2980000 | L49: IDR | M49: INVT-COMP | N49: LJU | O49: LJIV | R49: LI03 | S49: POLU | T49: 0 | U49: 79701193 | V49: 1 | W49: 0 | X49: PO_INVT | Y49: 45692 | Z49: PO_INVT | AA49: 45692 | AD49: PT LEUWITEX | AY49: U/ BAGIAN RND PROCESSING LJ1 (I5 GEN6) (HS CODE : 8479.89.50). TETEN
A50: =E50&C50&D50 -> 5000016308108005372 | B50: 4 | C50: 10800537 | D50: 2 | E50: 5000016308 | F50: CPU BUILDUP | G50: 1 | H50: UNT | I50: 45695 | K50: 2980000 | L50: IDR | M50: INVT-COMP | N50: LJU | O50: LJIV | R50: LI03 | S50: POLU | T50: 0 | U50: 79701193 | V50: 1 | W50: 0 | X50: PO_INVT | Y50: 45692 | Z50: PO_INVT | AA50: 45692 | AD50: PT LEUWITEX | AY50: U/ PIMPINAN PERSIAPAN LJ3 YG BARU (I5 GEN6) (HS CODE : 8479.89.50). DJAFAR
A51: =E51&C51&D51 -> 5000005340108003712 | B51: 1 | C51: 10800371 | D51: 2 | E51: 5000005340 | F51: POWER SUPLY ATX 450 WATT | G51: 2 | H51: UNT | I51: 45686 | K51: 155000 | L51: IDR | M51: INVT-COMP | N51: LJU | O51: LJIV | R51: LI03 | S51: POLU | T51: 0 | U51: 79701197 | V51: 2 | W51: 0 | X51: PO_INVT | Y51: 45692 | AD51: PT LEUWITEX | AY51: U/ MENGGANTI YG RUSAK BAGIAN PERSONALIA DAN GD PACKING (HS CODE : 8414.59.10). ERDI
A52: =E52&C52&D52 -> 5000014904108004293 | B52: 2 | C52: 10800429 | D52: 3 | E52: 5000014904 | F52: FINGER SCAN SOLUTION X100-C | G52: 1 | H52: UNT | I52: 45689 | K52: 1600000 | L52: IDR | M52: INVT-COMP | N52: LJU | O52: LJIV | R52: LI03 | S52: POLU | T52: 0 | U52: 79701197 | V52: 1 | W52: 0 | X52: PO_INVT | Y52: 45692 | AD52: PT LEUWITEX | AY52: U/ MENGGANTI YANG RUSAK DI AREA EX. PERSONALIA (HS CODE : 8471.90.30). ERIK
A53: =E53&C53&D53 -> 5000005059108004502 | B53: 3 | C53: 10800450 | D53: 2 | E53: 5000005059 | F53: KEYBOARD USB | G53: 1 | H53: BH | I53: 45689 | K53: 95000 | L53: IDR | M53: INVT-COMP | N53: LJU | O53: LJIV | R53: LI03 | S53: POLU | T53: 0 | U53: 79701197 | V53: 1 | W53: 0 | X53: PO_INVT | Y53: 45692 | AD53: PT LEUWITEX | AY53: U/ BAGIAN RND PROCESSING LJ1 (HS CODE : 8471.60.30). TETEN
A54: =E54&C54&D54 -> 5000004248108004503 | B54: 4 | C54: 10800450 | D54: 3 | E54: 5000004248 | F54: MOUSE USB | G54: 3 | H54: BH | I54: 45689 | K54: 65000 | L54: IDR | M54: INVT-COMP | N54: LJU | O54: LJIV | R54: LI03 | S54: POLU | T54: 0 | U54: 79701197 | V54: 3 | W54: 0 | X54: PO_INVT | Y54: 45692 | AD54: PT LEUWITEX | AY54: U/ BAGIAN RND PROCESSING LJ1 DAN MENGGANTI YANG RUSAK BAGIAN KEUANGAN (2) (HS CODE : 8471.60.40). TETEN & FAJAR
A55: =E55&C55&D55 -> 5000012021108004505 | B55: 5 | C55: 10800450 | D55: 5 | E55: 5000012021 | F55: KABEL VGA | G55: 1 | H55: BH | I55: 45689 | K55: 30000 | L55: IDR | M55: INVT-COMP | N55: LJU | O55: LJIV | R55: LI03 | S55: POLU | T55: 0 | U55: 79701197 | V55: 1 | W55: 0 | X55: PO_INVT | Y55: 45692 | AD55: PT LEUWITEX | AY55: U/ BAGIAN RND PROCESSING LJ1 (HS CODE : 8544.20.31). TETEN
A56: =E56&C56&D56 -> 5000016671108004641 | B56: 6 | C56: 10800464 | D56: 1 | E56: 5000016671 | F56: ADAPTER MONITOR 19V | G56: 2 | H56: BH | I56: 45691 | K56: 90000 | L56: IDR | M56: INVT-COMP | N56: LJU | O56: LJIV | R56: LI03 | S56: POLU | T56: 0 | U56: 79701197 | V56: 2 | W56: 0 | X56: PO_INVT | Y56: 45692 | AD56: PT LEUWITEX | AY56: U/ MENGGANTI YANG RUSAK BAGIAN RND DAN KEUANGAN (HS CODE : 8517.79.10). RICKY
A57: =E57&C57&D57 -> 5000015480108004941 | B57: 7 | C57: 10800494 | D57: 1 | E57: 5000015480 | F57: USB TERMINAL | G57: 1 | H57: BH | I57: 45692 | K57: 140000 | L57: IDR | M57: INVT-COMP | N57: LJU | O57: LJIV | R57: LI03 | S57: POLU | T57: 0 | U57: 79701197 | V57: 1 | W57: 0 | X57: PO_INVT | Y57: 45692 | AD57: PT LEUWITEX | AY57: U/ BAGIAN PERSONALIA (HS CODE : 8454.10.00). SARI
A58: =E58&C58&D58 -> 5000005059108005373 | B58: 8 | C58: 10800537 | D58: 3 | E58: 5000005059 | F58: KEYBOARD USB | G58: 1 | H58: BH | I58: 45695 | K58: 95000 | L58: IDR | M58: INVT-COMP | N58: LJU | O58: LJIV | R58: LI03 | S58: POLU | T58: 0 | U58: 79701197 | V58: 1 | W58: 0 | X58: PO_INVT | Y58: 45692 | AD58: PT LEUWITEX | AY58: U/ PIMPINAN PERSIAPAN LJ3 YG BARU (HS CODE : 8471.60.30). DJAFAR
A59: =E59&C59&D59 -> 5000004248108005374 | B59: 9 | C59: 10800537 | D59: 4 | E59: 5000004248 | F59: MOUSE USB | G59: 3 | H59: BH | I59: 45695 | K59: 65000 | L59: IDR | M59: INVT-COMP | N59: LJU | O59: LJIV | R59: LI03 | S59: POLU | T59: 0 | U59: 79701197 | V59: 3 | W59: 0 | X59: PO_INVT | Y59: 45692 | AD59: PT LEUWITEX | AY59: U/ PIMPINAN PERSIAPAN LJ3 YG BARU, MENGGANTI YG RUSAK BAGIAN PEMBELIAN (2) (HS CODE : 8471.60.40). DJAFAR & DETA
A60: =E60&C60&D60 -> 5000012021108005375 | B60: 10 | C60: 10800537 | D60: 5 | E60: 5000012021 | F60: KABEL VGA | G60: 1 | H60: BH | I60: 45695 | K60: 30000 | L60: IDR | M60: INVT-COMP | N60: LJU | O60: LJIV | R60: LI03 | S60: POLU | T60: 0 | U60: 79701197 | V60: 1 | W60: 0 | X60: PO_INVT | Y60: 45692 | AD60: PT LEUWITEX | AY60: U/ PIMPINAN PERSIAPAN LJ3 YG BARU (HS CODE : 8544.20.31). DJAFAR
A61: =E61&C61&D61 -> 5000016428108004291 | B61: 1 | C61: 10800429 | D61: 1 | E61: 5000016428 | F61: PRINTER EPSON L-121 | G61: 1 | H61: UNT | I61: 45688 | K61: 1531532 | L61: IDR | M61: INVT-COMP | N61: LJU | O61: LJIV | R61: LI03 | S61: POLU | T61: 0 | U61: 79701173 | V61: 0 | W61: 1 | X61: PO_INVT | Y61: 45692 | AD61: PT LEUWITEX | AX61: X | AY61: (FP : KB PPN 0%) U/ PENAMBAHAN DI RUANG BARU BAGIAN UTILITY (HS CODE : 8443.31.11). ERLIN
A62: =E62&C62&D62 -> 5000014904108004293 | B62: 2 | C62: 10800429 | D62: 3 | E62: 5000014904 | F62: FINGER SCAN SOLUTION X100-C | G62: 1 | H62: UNT | I62: 45689 | K62: 1600000 | L62: IDR | M62: INVT-COMP | N62: LJU | O62: LJIV | R62: LI03 | S62: POLU | T62: 0 | U62: 79701197 | V62: 0 | W62: 1 | X62: PO_INVT | Y62: 45692 | AD62: PT LEUWITEX | AX62: X | AY62: U/ MENGGANTI YANG RUSAK DI AREA EX. PERSONALIA (HS CODE : 8471.90.30). ERIK
A63: =E63&C63&D63 -> 5000005059108004294 | B63: 1 | C63: 10800429 | D63: 4 | E63: 5000005059 | F63: KEYBOARD USB | G63: 1 | H63: BH | I63: 45689 | K63: 125000 | L63: IDR | M63: INVT-COMP | N63: LJU | O63: LJIV | R63: LI03 | S63: POLU | T63: 0 | U63: 79701544 | V63: 1 | W63: 0 | X63: PO_INVT | Y63: 45701 | AD63: PT LEUWITEX | AY63: ORDER YANG LOGITECH U/ BAGIAN IT (HS CODE : 8471.60.30). BUDI
A64: =E64&C64&D64 -> 5000016671108004641 | B64: 6 | C64: 10800464 | D64: 1 | E64: 5000016671 | F64: ADAPTER MONITOR 19V | G64: 2 | H64: BH | I64: 45691 | K64: 90000 | L64: IDR | M64: INVT-COMP | N64: LJU | O64: LJIV | R64: LI03 | S64: POLU | T64: 0 | U64: 79701197 | V64: 0 | W64: 2 | X64: PO_INVT | Y64: 45692 | AD64: PT LEUWITEX | AX64: X | AY64: U/ MENGGANTI YANG RUSAK BAGIAN RND DAN KEUANGAN (HS CODE : 8517.79.10). RICKY
A65: =E65&C65&D65 -> 5000017105108004642 | B65: 2 | C65: 10800464 | D65: 2 | E65: 5000017105 | F65: TERMINAL BOX ISI FRAME LSA | G65: 1 | H65: UNT | I65: 45691 | K65: 1036036.1 | L65: IDR | M65: INVT-COMP | N65: LJU | O65: LJIV | R65: LI03 | S65: POLU | T65: 0 | U65: 79701495 | V65: 1 | W65: 0 | X65: PO_INVT | Y65: 45700 | AD65: PT LEUWITEX | AY65: (FP : KB PPN 0%) ORDER 200 PAIR U/ PROJECT GEDUNG MARKETING YG BARU (HS CODE : 8536.90.93).TIO
A66: =E66&C66&D66 -> 5000017105108004642 | B66: 1 | C66: 10800464 | D66: 2 | E66: 5000017105 | F66: TERMINAL BOX ISI FRAME LSA | G66: 2 | H66: UNT | I66: 45691 | K66: 540541 | L66: IDR | M66: INVT-COMP | N66: LJU | O66: LJIV | R66: LI03 | S66: POLU | T66: 0 | U66: 79701495 | V66: 2 | W66: 0 | X66: PO_INVT | Y66: 45700 | AD66: PT LEUWITEX | AY66: (FP : KB PPN 0%) ORDER 100 PAIR U/ PROJECT GEDUNG MARKETING YG BARU (HS CODE : 8536.90.93).TIO
A67: =E67&C67&D67 -> 5000008843108005371 | B67: 3 | C67: 10800537 | D67: 1 | E67: 5000008843 | F67: MONITOR LCD 19 INCH | G67: 1 | H67: UNT | I67: 45695 | K67: 923424 | L67: IDR | M67: INVT-COMP | N67: LJU | O67: LJIV | R67: LI03 | S67: POLU | T67: 0 | U67: 79701173 | V67: 0 | W67: 1 | X67: PO_INVT | Y67: 45692 | AD67: PT LEUWITEX | AX67: X | AY67: (FP : KB PPN 0%) U/ PIMPINAN PERSIAPAN LJ3 YG BARU (HS CODE : 8528.52.00). DJAFAR
A68: =E68&C68&D68 -> 5000017624108005376 | B68: 3 | C68: 10800537 | D68: 6 | E68: 5000017624 | F68: MONITOR 32 INCH | G68: 2 | H68: UNT | I68: 45695 | K68: 2072073 | L68: IDR | M68: INVT-COMP | N68: LJU | O68: LJIV | R68: LI03 | S68: POLU | T68: 0 | U68: 79701495 | V68: 2 | W68: 0 | X68: PO_INVT | Y68: 45700 | AD68: PT LEUWITEX | AY68: (FP : KB PPN 0%) U/ ASS. MGR GREY & PROCESSING (PAK DEDE ROHIMAT & PAK NOFRIZAL) (LENOVO D32-40) (HS CODE : 8528.52.00). DADANG
A69: =E69&C69&D69 -> 5000016308108005372 | B69: 4 | C69: 10800537 | D69: 2 | E69: 5000016308 | F69: CPU BUILDUP | G69: 1 | H69: UNT | I69: 45695 | K69: 2980000 | L69: IDR | M69: INVT-COMP | N69: LJU | O69: LJIV | R69: LI03 | S69: POLU | T69: 0 | U69: 79701193 | V69: 1 | W69: 0 | X69: PO_INVT | Y69: 45692 | Z69: PO_INVT | AA69: 45692 | AD69: PT LEUWITEX | AY69: U/ PIMPINAN PERSIAPAN LJ3 YG BARU (I5 GEN6) (HS CODE : 8479.89.50). DJAFAR
A70: =E70&C70&D70 -> 5000005059108005373 | B70: 8 | C70: 10800537 | D70: 3 | E70: 5000005059 | F70: KEYBOARD USB | G70: 1 | H70: BH | I70: 45695 | K70: 95000 | L70: IDR | M70: INVT-COMP | N70: LJU | O70: LJIV | R70: LI03 | S70: POLU | T70: 0 | U70: 79701197 | V70: 0 | W70: 1 | X70: PO_INVT | Y70: 45692 | AD70: PT LEUWITEX | AX70: X | AY70: U/ PIMPINAN PERSIAPAN LJ3 YG BARU (HS CODE : 8471.60.30). DJAFAR
A71: =E71&C71&D71 -> 5000004248108005374 | B71: 9 | C71: 10800537 | D71: 4 | E71: 5000004248 | F71: MOUSE USB | G71: 3 | H71: BH | I71: 45695 | K71: 65000 | L71: IDR | M71: INVT-COMP | N71: LJU | O71: LJIV | R71: LI03 | S71: POLU | T71: 0 | U71: 79701197 | V71: 0 | W71: 3 | X71: PO_INVT | Y71: 45692 | AD71: PT LEUWITEX | AX71: X | AY71: U/ PIMPINAN PERSIAPAN LJ3 YG BARU, MENGGANTI YG RUSAK BAGIAN PEMBELIAN (2) (HS CODE : 8471.60.40). DJAFAR & DETA
A72: =E72&C72&D72 -> 5000012021108005375 | B72: 10 | C72: 10800537 | D72: 5 | E72: 5000012021 | F72: KABEL VGA | G72: 1 | H72: BH | I72: 45695 | K72: 30000 | L72: IDR | M72: INVT-COMP | N72: LJU | O72: LJIV | R72: LI03 | S72: POLU | T72: 0 | U72: 79701197 | V72: 0 | W72: 1 | X72: PO_INVT | Y72: 45692 | AD72: PT LEUWITEX | AX72: X | AY72: U/ PIMPINAN PERSIAPAN LJ3 YG BARU (HS CODE : 8544.20.31). DJAFAR
A73: =E73&C73&D73 -> 5000016409108006351 | B73: 4 | C73: 10800635 | D73: 1 | E73: 5000016409 | F73: PRINTER EPSON L 1250 | G73: 1 | H73: UNT | I73: 45701 | K73: 2027028 | L73: IDR | M73: INVT-COMP | N73: LJU | O73: LJIV | R73: LI03 | S73: POLU | T73: 0 | U73: 79701495 | V73: 1 | W73: 0 | X73: PO_INVT | Y73: 45700 | AD73: PT LEUWITEX | AY73: (FP : KB PPN 0%) U/ BAGIAN QA (HS CODE : 8443.31.11). HENGKY
A74: =E74&C74&D74 -> 5000008843108006551 | B74: 5 | C74: 10800655 | D74: 1 | E74: 5000008843 | F74: MONITOR LCD 19 INCH | G74: 1 | H74: UNT | I74: 45702 | K74: 923424 | L74: IDR | M74: INVT-COMP | N74: LJU | O74: LJIV | R74: LI03 | S74: POLU | T74: 0 | U74: 79701495 | V74: 1 | W74: 0 | X74: PO_INVT | Y74: 45700 | AD74: PT LEUWITEX | AY74: (FP : KB PPN 0%) U/ KADEPT TAX ACCOUNTING YANG BARU (HS CODE : 8528.52.00). CYNTHIA
A75: =E75&C75&D75 -> 5000005059108006553 | B75: 2 | C75: 10800655 | D75: 3 | E75: 5000005059 | F75: KEYBOARD USB | G75: 1 | H75: BH | I75: 45702 | K75: 95000 | L75: IDR | M75: INVT-COMP | N75: LJU | O75: LJIV | R75: LI03 | S75: POLU | T75: 0 | U75: 79701544 | V75: 1 | W75: 0 | X75: PO_INVT | Y75: 45701 | AD75: PT LEUWITEX | AY75: U/ KADEPT TAX ACCOUNTING YANG BARU (HS CODE : 8471.60.30). CYNTHIA
A76: =E76&C76&D76 -> 5000012021108006555 | B76: 4 | C76: 10800655 | D76: 5 | E76: 5000012021 | F76: KABEL VGA | G76: 1 | H76: BH | I76: 45702 | K76: 30000 | L76: IDR | M76: INVT-COMP | N76: LJU | O76: LJIV | R76: LI03 | S76: POLU | T76: 0 | U76: 79701544 | V76: 1 | W76: 0 | X76: PO_INVT | Y76: 45701 | AD76: PT LEUWITEX | AY76: U/ KADEPT TAX ACCOUNTING YANG BARU (HS CODE : 8544.20.31). CYNTHIA
A77: =E77&C77&D77 -> 5000004248108006554 | B77: 3 | C77: 10800655 | D77: 4 | E77: 5000004248 | F77: MOUSE USB | G77: 13 | H77: BH | I77: 45702 | K77: 65000 | L77: IDR | M77: INVT-COMP | N77: LJU | O77: LJIV | R77: LI03 | S77: POLU | T77: 0 | U77: 79701544 | V77: 13 | W77: 0 | X77: PO_INVT | Y77: 45701 | AD77: PT LEUWITEX | AY77: U/ KADEPT TAX ACCOUNTING YANG BARU & MENGGANTI YG RUSAK BAGIAN PROCESSING DF (2), FINAL, QA (2), PAJAK (4), RND DAN GD PACKING (2) (HS CODE : 8471.60.40). CYNTHIA & ALI
A78: =E78&C78&D78 -> 5000016308108006552 | B78: 1 | C78: 10800655 | D78: 2 | E78: 5000016308 | F78: CPU BUILDUP | G78: 1 | H78: UNT | I78: 45702 | K78: 2980000 | L78: IDR | M78: INVT-COMP | N78: LJU | O78: LJIV | R78: LI03 | S78: POLU | T78: 0 | U78: 79701497 | V78: 1 | W78: 0 | X78: PO_INVT | Y78: 45700 | AD78: PT LEUWITEX | AY78: U/ KADEPT TAX ACCOUNTING YANG BARU (I5 GEN 6) (HS CODE : 8479.89.50). CYNTHIA
A79: =E79&C79&D79 -> 5000008843108006761 | B79: 6 | C79: 10800676 | D79: 1 | E79: 5000008843 | F79: MONITOR LCD 19 INCH | G79: 1 | H79: UNT | I79: 45705 | K79: 923424 | L79: IDR | M79: INVT-COMP | N79: LJU | O79: LJIV | R79: LI03 | S79: POLU | T79: 0 | U79: 79701495 | V79: 1 | W79: 0 | X79: PO_INVT | Y79: 45700 | AD79: PT LEUWITEX | AY79: (FP : KB PPN 0%) U/ ASS. MANAGER HRD YANG BARU (HS CODE : 8528.52.00). AYU
A80: =E80&C80&D80 -> 5000005059108006763 | B80: 5 | C80: 10800676 | D80: 3 | E80: 5000005059 | F80: KEYBOARD USB | G80: 1 | H80: BH | I80: 45705 | K80: 95000 | L80: IDR | M80: INVT-COMP | N80: LJU | O80: LJIV | R80: LI03 | S80: POLU | T80: 0 | U80: 79701544 | V80: 1 | W80: 0 | X80: PO_INVT | Y80: 45701 | AD80: PT LEUWITEX | AY80: U/ ASS. MANAGER HRD YANG BARU (HS CODE : 8471.60.30). AYU
A81: =E81&C81&D81 -> 5000004248108006764 | B81: 6 | C81: 10800676 | D81: 4 | E81: 5000004248 | F81: MOUSE USB | G81: 1 | H81: BH | I81: 45705 | K81: 65000 | L81: IDR | M81: INVT-COMP | N81: LJU | O81: LJIV | R81: LI03 | S81: POLU | T81: 0 | U81: 79701544 | V81: 1 | W81: 0 | X81: PO_INVT | Y81: 45701 | AD81: PT LEUWITEX | AY81: U/ ASS. MANAGER HRD YANG BARU (HS CODE : 8471.60.40). AYU
A82: =E82&C82&D82 -> 5000011754108006766 | B82: 8 | C82: 10800676 | D82: 6 | E82: 5000011754 | F82: MOUSE PAD | G82: 1 | H82: BH | I82: 45705 | K82: 20000 | L82: IDR | M82: INVT-COMP | N82: LJU | O82: LJIV | R82: LI03 | S82: POLU | T82: 0 | U82: 79701544 | V82: 1 | W82: 0 | X82: PO_INVT | Y82: 45701 | AD82: PT LEUWITEX | AY82: U/ ASS. MANAGER HRD YANG BARU (HS CODE : 8471.60.40). AYU
A83: =E83&C83&D83 -> 5000013499108006767 | B83: 1 | C83: 10800676 | D83: 7 | E83: 5000013499 | F83: KX-TS505SLT (PESAWAT TELEPHONE ) | G83: 1 | H83: UNT | I83: 45705 | K83: 290000 | L83: IDR | M83: INVT-KTR | N83: LJU | O83: LJIV | R83: LI03 | S83: POLU | T83: 0 | U83: 79701548 | V83: 1 | W83: 0 | X83: PO_INVT | Y83: 45701 | Z83: PO_INVT | AA83: 45701 | AD83: PT LEUWITEX | AY83: U/ ASS. MANAGER MARKETING YANG BARU (KX-TS505MX) (HS CODE : 8517.14.00). IRFAN
A84: =E84&C84&D84 -> 5000012021108006765 | B84: 7 | C84: 10800676 | D84: 5 | E84: 5000012021 | F84: KABEL VGA | G84: 1 | H84: BH | I84: 45705 | K84: 30000 | L84: IDR | M84: INVT-COMP | N84: LJU | O84: LJIV | R84: LI03 | S84: POLU | T84: 0 | U84: 79701544 | V84: 1 | W84: 0 | X84: PO_INVT | Y84: 45701 | AD84: PT LEUWITEX | AY84: U/ ASS. MANAGER HRD YANG BARU (HS CODE : 8544.20.31). AYU
A85: =E85&C85&D85 -> 5000016308108006762 | B85: 2 | C85: 10800676 | D85: 2 | E85: 5000016308 | F85: CPU BUILDUP | G85: 1 | H85: UNT | I85: 45705 | K85: 2980000 | L85: IDR | M85: INVT-COMP | N85: LJU | O85: LJIV | R85: LI03 | S85: POLU | T85: 0 | U85: 79701497 | V85: 1 | W85: 0 | X85: PO_INVT | Y85: 45700 | AD85: PT LEUWITEX | AY85: U/ ASS. MANAGER HRD YANG BARU (I5 GEN 6) (HS CODE : 8479.89.50). AYU
A86: =E86&C86&D86 -> 5000016428108006768 | B86: 7 | C86: 10800676 | D86: 8 | E86: 5000016428 | F86: PRINTER EPSON L-121 | G86: 1 | H86: UNT | I86: 45705 | K86: 1531532 | L86: IDR | M86: INVT-COMP | N86: LJU | O86: LJIV | R86: LI03 | S86: POLU | T86: 0 | U86: 79701495 | V86: 1 | W86: 0 | X86: PO_INVT | Y86: 45700 | AD86: PT LEUWITEX | AY86: (FP : KB PPN 0%) U/ ASS. MANAGER HRD YANG BARU (HS CODE : 8443.31.11). AYU
A87: =E87&C87&D87 -> 5000016428108004291 | B87: 1 | C87: 10800429 | D87: 1 | E87: 5000016428 | F87: PRINTER EPSON L-121 | G87: 1 | H87: UNT | I87: 45688 | K87: 1531532 | L87: IDR | M87: INVT-COMP | N87: LJU | O87: LJIV | R87: LI03 | S87: POLU | T87: 0 | U87: 79701173 | V87: 0 | W87: 1 | X87: PO_INVT | Y87: 45692 | AD87: PT LEUWITEX | AX87: X | AY87: (FP : KB PPN 0%) U/ PENAMBAHAN DI RUANG BARU BAGIAN UTILITY (HS CODE : 8443.31.11). ERLIN
A88: =E88&C88&D88 -> 5000014904108004293 | B88: 2 | C88: 10800429 | D88: 3 | E88: 5000014904 | F88: FINGER SCAN SOLUTION X100-C | G88: 1 | H88: UNT | I88: 45689 | K88: 1600000 | L88: IDR | M88: INVT-COMP | N88: LJU | O88: LJIV | R88: LI03 | S88: POLU | T88: 0 | U88: 79701197 | V88: 0 | W88: 1 | X88: PO_INVT | Y88: 45692 | AD88: PT LEUWITEX | AX88: X | AY88: U/ MENGGANTI YANG RUSAK DI AREA EX. PERSONALIA (HS CODE : 8471.90.30). ERIK
A89: =E89&C89&D89 -> 5000005059108004294 | B89: 1 | C89: 10800429 | D89: 4 | E89: 5000005059 | F89: KEYBOARD USB | G89: 1 | H89: BH | I89: 45689 | K89: 125000 | L89: IDR | M89: INVT-COMP | N89: LJU | O89: LJIV | R89: LI03 | S89: POLU | T89: 0 | U89: 79701544 | V89: 1 | W89: 0 | X89: PO_INVT | Y89: 45701 | AD89: PT LEUWITEX | AY89: ORDER YANG LOGITECH U/ BAGIAN IT (HS CODE : 8471.60.30). BUDI
A90: =E90&C90&D90 -> 5000016930108004292 | B90: 1 | C90: 10800429 | D90: 2 | E90: 5000016930 | F90: PRINT SERVER | G90: 2 | H90: BH | I90: 45688 | K90: 197000 | L90: IDR | M90: INVT-COMP | N90: LJU | O90: LJIV | R90: LI03 | S90: POLU | T90: 0 | U90: 79701686 | V90: 2 | W90: 0 | X90: PO_INVT | Y90: 45706 | AD90: PT LEUWITEX | AY90: URGENT : U/ DF LJU DAN PENAMBAHAN DI RUANG BARU BAGIAN UTILITY (HS CODE : 8517.79.10). AGUS & ERLIN
A91: =E91&C91&D91 -> 5000017258108007443 | B91: 1 | C91: 10800744 | D91: 3 | E91: 5000017258 | F91: SWITCH D-LINK 24 PORT | G91: 1 | H91: UNT | I91: 45708 | K91: 945946 | L91: IDR | M91: INVT-COMP | N91: LJU | O91: LJIV | R91: LI03 | S91: POLU | T91: 0 | U91: 79701695 | V91: 1 | W91: 0 | X91: PO_INVT | Y91: 45706 | AD91: PT LEUWITEX | AY91: (FP : KB PPN 0%) U/ PROJECT RUANG BARU MARKETING (HS CODE : 8517.79.10). ERDI
A92: =E92&C92&D92 -> 5000016779108007444 | B92: 2 | C92: 10800744 | D92: 4 | E92: 5000016779 | F92: SWITCH D-LINK 16 PORT | G92: 2 | H92: UNT | I92: 45708 | K92: 743243.3 | L92: IDR | M92: INVT-COMP | N92: LJU | O92: LJIV | R92: LI03 | S92: POLU | T92: 0 | U92: 79701695 | V92: 2 | W92: 0 | X92: PO_INVT | Y92: 45706 | AD92: PT LEUWITEX | AY92: (FP : KB PPN 0%) U/ PROJECT RUANG BARU MARKETING & AREA LJ3 (HS CODE : 8517.79.10). ERDI & TIO
A93: =E93&C93&D93 -> 5000016255108006912 | B93: 1 | C93: 10800691 | D93: 2 | E93: 5000016255 | F93: SSD SATA 256GB | G93: 1 | H93: BH | I93: 45706 | K93: 343000 | L93: IDR | M93: INVT-COMP | N93: LJU | O93: LJIV | R93: LI03 | S93: POLU | T93: 0 | U93: 79701696 | V93: 1 | W93: 0 | X93: PO_INVT | Y93: 45706 | AD93: PT LEUWITEX | AY93: U/ MENGGANTI YANG RUSAK BAGIAN GD BENANG (HS CODE : 8471.50.90). TIO
A94: =E94&C94&D94 -> 5000016308108007442 | B94: 2 | C94: 10800744 | D94: 2 | E94: 5000016308 | F94: CPU BUILDUP | G94: 1 | H94: UNT | I94: 45708 | K94: 2980000 | L94: IDR | M94: INVT-COMP | N94: LJU | O94: LJIV | R94: LI03 | S94: POLU | T94: 0 | U94: 79701696 | V94: 1 | W94: 0 | X94: PO_INVT | Y94: 45706 | AD94: PT LEUWITEX | AY94: U/ BAGIAN GUDANG BENANG (I5 GEN 6) (HS CODE : 8479.89.50). SALIK
A95: =E95&C95&D95 -> 5000016671108007441 | B95: 1 | C95: 10800744 | D95: 1 | E95: 5000016671 | F95: ADAPTER MONITOR 19V | G95: 1 | H95: BH | I95: 45708 | K95: 90000 | L95: IDR | M95: INVT-COMP | N95: LJU | O95: LJIV | R95: LI03 | S95: POLU | T95: 0 | U95: 79701698 | V95: 1 | W95: 0 | X95: PO_INVT | Y95: 45706 | AD95: PT LEUWITEX | AY95: URGENT : U/ MENGGANTI YANG RUSAK BAGIAN KEUANGAN (HS CODE : 8517.79.10). RICKY
A96: =E96&C96&D96 -> 5000013640108007445 | B96: 2 | C96: 10800744 | D96: 5 | E96: 5000013640 | F96: CONNECTOR TELEPHONE | G96: 10 | H96: BH | I96: 45708 | K96: 15000 | L96: IDR | M96: INVT-KTR | N96: LJU | O96: LJIV | R96: LI03 | S96: POLU | T96: 0 | U96: 79701698 | V96: 10 | W96: 0 | X96: PO_INVT | Y96: 45706 | AD96: PT LEUWITEX | AY96: U/ PROJECT RUANG BARU MARKETING (HS CODE : 8518.40.20). ERDI
A97: =E97&C97&D97 -> 5000016248108007446 | B97: 3 | C97: 10800744 | D97: 6 | E97: 5000016248 | F97: RACK 4U WALLMOUNT | G97: 1 | H97: UNT | I97: 45708 | K97: 1850000 | L97: IDR | M97: INVT-COMP | N97: LJU | O97: LJIV | R97: LI03 | S97: POLU | T97: 0 | U97: 79701698 | V97: 1 | W97: 0 | X97: PO_INVT | Y97: 45706 | AD97: PT LEUWITEX | AY97: U/ PROJECT RUANG BARU MARKETING (HS CODE : 8304.00.99). ERDI
A98: =E98&C98&D98 -> 5000000739108007447 | B98: 4 | C98: 10800744 | D98: 7 | E98: 5000000739 | F98: KABEL UTP BELDEN | G98: 1 | H98: ROL | I98: 45708 | K98: 2175000 | L98: IDR | M98: INVT-COMP | N98: LJU | O98: LJIV | R98: LI03 | S98: POLU | T98: 0 | U98: 79701698 | V98: 1 | W98: 0 | X98: PO_INVT | Y98: 45706 | AD98: PT LEUWITEX | AY98: U/ GUDANG BARU DI PERSIAPAN LJ3 (HS CODE : 8517.14.00). ERDI
A99: =E99&C99&D99 -> 5000012021108006913 | B99: 5 | C99: 10800691 | D99: 3 | E99: 5000012021 | F99: KABEL VGA | G99: 1 | H99: BH | I99: 45706 | K99: 145000 | L99: IDR | M99: INVT-COMP | N99: LJU | O99: LJIV | R99: LI03 | S99: POLU | T99: 0 | U99: 79701698 | V99: 1 | W99: 0 | X99: PO_INVT | Y99: 45706 | AD99: PT LEUWITEX | AY99: ORDER UKURAN 10 METER, U/ RUANG MEETING DF LJ1 (HS CODE : 8544.20.31). KARISA
A100: =E100&C100&D100 -> 5000016642108006911 | B100: 1 | C100: 10800691 | D100: 1 | E100: 5000016642 | F100: BRACKET PROJECTOR | G100: 1 | H100: BH | I100: 45706 | K100: 135000 | L100: IDR | M100: INVT-COMP | N100: LJU | O100: LJIV | R100: LI03 | S100: POLU | T100: 0 | U100: 79701703 | V100: 1 | W100: 0 | X100: PO_INVT | Y100: 45706 | AD100: PT LEUWITEX | AY100: U/ RUANG MEETING DF LJ1 ( 1 METER HITAM) (HS CODE : 8714.99.91). KARISA
... A125: =E125&C125&D125 -> 5000012006108010307 | B125: 3 | C125: 10801030 | D125: 7 | E125: 5000012006 | F125: MONITOR TV 32 INCH | G125: 1 | H125: UNT | I125: 45727 | K125: 1750000 | L125: IDR | M125: INVT-COMP | N125: LJU | O125: LJIV | R125: LI03 | S125: POLU | T125: 0 | U125: 79702282 | V125: 1 | W125: 0 | X125: PO_INVT | Y125: 45722 | AD125: PT LEUWITEX | AY125: URGENT : U/ MENGGANTI YG RUSAK (MONITORING CCTV AREA BEA CUKAI) (HS CODE : 8528.52.00). TIO
A126: =E126&C126&D126 -> 5000016583108010304 | B126: 1 | C126: 10801030 | D126: 4 | E126: 5000016583 | F126: CPU BUILDUP I7 | G126: 1 | H126: UNT | I126: 45724 | K126: 4580000 | L126: IDR | M126: INVT-COMP | N126: LJU | O126: LJIV | R126: LI03 | S126: POLU | T126: 0 | U126: 79702242 | V126: 0 | W126: 1 | X126: PO_INVT | Y126: 45721 | AD126: PT LEUWITEX | AX126: X | AY126: URGENT : U/ BAGIAN MARKETING (I7 GEN 6)(HS CODE : 8479.89.50). YUANITA
A127: =E127&C127&D127 -> 5000015560108010301 | B127: 1 | C127: 10801030 | D127: 1 | E127: 5000015560 | F127: RAM DDR3 8GB | G127: 2 | H127: BH | I127: 45724 | K127: 160000 | L127: IDR | M127: INVT-COMP | N127: LJU | O127: LJIV | R127: LI03 | S127: POLU | T127: 0 | U127: 79702259 | V127: 2 | W127: 0 | X127: PO_INVT | Y127: 45721 | AD127: PT LEUWITEX | AY127: U/ BAGIAN IT (HS CODE : 8471.50.90). ERDI
A128: =E128&C128&D128 -> 5000016659108010306 | B128: 2 | C128: 10801030 | D128: 6 | E128: 5000016659 | F128: COOLER MASTER | G128: 2 | H128: BH | I128: 45727 | K128: 105000 | L128: IDR | M128: INVT-COMP | N128: LJU | O128: LJIV | R128: LI03 | S128: POLU | T128: 0 | U128: 79702259 | V128: 2 | W128: 0 | X128: PO_INVT | Y128: 45721 | AD128: PT LEUWITEX | AY128: U/ MENGGANTI YG RUSAK BAGIAN MTC PROC LJ1 DAN LAB (i30) (HS CODE : 8414.59.10). RICKY
A129: =E129&C129&D129 -> 5000005340108010305 | B129: 2 | C129: 10801030 | D129: 5 | E129: 5000005340 | F129: POWER SUPLY ATX 450 WATT | G129: 1 | H129: UNT | I129: 45724 | K129: 155000 | L129: IDR | M129: INVT-COMP | N129: LJU | O129: LJIV | R129: LI03 | S129: POLU | T129: 0 | U129: 79702282 | V129: 0 | W129: 1 | X129: PO_INVT | Y129: 45722 | AD129: PT LEUWITEX | AX129: X | AY129: U/ MENGGANTI YG RUSAK BAGIAN MARKETING (HS CODE : 8414.59.10). TIO
A130: =E130&C130&D130 -> 5000012006108010307 | B130: 3 | C130: 10801030 | D130: 7 | E130: 5000012006 | F130: MONITOR TV 32 INCH | G130: 1 | H130: UNT | I130: 45727 | K130: 1750000 | L130: IDR | M130: INVT-COMP | N130: LJU | O130: LJIV | R130: LI03 | S130: POLU | T130: 0 | U130: 79702282 | V130: 0 | W130: 1 | X130: PO_INVT | Y130: 45722 | AD130: PT LEUWITEX | AX130: X | AY130: URGENT : U/ MENGGANTI YG RUSAK (MONITORING CCTV AREA BEA CUKAI) (HS CODE : 8528.52.00). TIO
A131: =E131&C131&D131 -> 5000017695108010302 | B131: 1 | C131: 10801030 | D131: 2 | E131: 5000017695 | F131: PRINTER EPSON L18050 | G131: 1 | H131: UNT | I131: 45724 | K131: 7612613 | L131: IDR | M131: INVT-COMP | N131: LJU | O131: LJIV | R131: LI03 | S131: POLU | T131: 0 | U131: 79702490 | V131: 1 | W131: 0 | X131: PO_INVT | Y131: 45727 | AD131: PT LEUWITEX | AE131: JL. CIBALIGO KM 1.75, LEUWIGAJAH, CIMAHI | AF131: BANDUNG | AS131: 40526 | AT131: JAWA BARAT | AU131: 022 6032710 | AV131: 022 6044348 | AW131: KUSWANDI | AY131: (FP : KB PPN 0%) U/ MENGGANTI YANG RUSAK BAGIAN TRAINING & DEVELOPMENT (HS CODE : 8443.31.11). FIRMAN
A132: =E132&C132&D132 -> 5000017481108010303 | B132: 2 | C132: 10801030 | D132: 3 | E132: 5000017481 | F132: SCANNER PLUSTEK PS283 | G132: 1 | H132: UNT | I132: 45724 | K132: 3693694 | L132: IDR | M132: INVT-COMP | N132: LJU | O132: LJIV | R132: LI03 | S132: POLU | T132: 0 | U132: 79702490 | V132: 1 | W132: 0 | X132: PO_INVT | Y132: 45727 | AD132: PT LEUWITEX | AY132: (FP : KB PPN 0%) U/ MENGGANTI YANG RUSAK BAGIAN TRAINING & DEVELOPMENT (HS CODE : 8443.31.91). FIRMAN
A133: =E133&C133&D133 -> 5000017686108011172 | B133: 1 | C133: 10801117 | D133: 2 | E133: 5000017686 | F133: TRIPOD WEBCAM | G133: 1 | H133: BH | I133: 45724 | K133: 85000 | L133: IDR | M133: INVT-COMP | N133: LJU | O133: LJIV | R133: LI03 | S133: POLU | T133: 0 | U133: 79702495 | V133: 1 | W133: 0 | X133: PO_INVT | Y133: 45727 | AD133: PT LEUWITEX | AY133: URGENT : U/ WEBCAM BPK ZENZEN (HS CODE : 9620.00.40). IDRUS
A134: =E134&C134&D134 -> 5000004248108011341 | B134: 1 | C134: 10801134 | D134: 1 | E134: 5000004248 | F134: MOUSE USB | G134: 10 | H134: BH | I134: 45729 | K134: 65000 | L134: IDR | M134: INVT-COMP | N134: LJU | O134: LJIV | R134: LI03 | S134: POLU | T134: 0 | U134: 79702498 | V134: 10 | W134: 0 | X134: PO_INVT | Y134: 45727 | AD134: PT LEUWITEX | AY134: U/ MENGGANTI YG RUSAK BAGIAN GA (2), GUDANG OBAT KECIL, MARKETING (2), FINAL, GUDANG BENANG, DF, GUDANG PACKING (2) (HS CODE : 8471.60.40). ALI
A135: =E135&C135&D135 -> 5000015000108011851 | B135: 1 | C135: 10801185 | D135: 1 | E135: 5000015000 | F135: POE INJECTOR | G135: 2 | H135: UNT | I135: 45733 | K135: 350000 | L135: IDR | M135: INVT-COMP | N135: LJU | O135: LJIV | R135: LI03 | S135: POLU | T135: 0 | U135: 79702499 | V135: 2 | W135: 0 | X135: PO_INVT | Y135: 45727 | AD135: PT LEUWITEX | AY135: U/ AREA MKA DAN GD. PACKING (HS CODE : 8517.79.10). ERDI
A136: =E136&C136&D136 -> 5000008843108011852 | B136: 1 | C136: 10801185 | D136: 2 | E136: 5000008843 | F136: MONITOR LCD 19 INCH | G136: 1 | H136: UNT | I136: 45733 | K136: 923424 | L136: IDR | M136: INVT-COMP | N136: LJU | O136: LJIV | R136: LI03 | S136: POLU | T136: 0 | U136: 79702500 | V136: 1 | W136: 0 | X136: PO_INVT | Y136: 45727 | AD136: PT LEUWITEX | AY136: (FP : KB PPN 0%) U/ PENAMBAHAN KARYAWAN BARU DI BAGIAN BEA CUKAI (HS CODE : 8528.52.00). PUTRI
A137: =E137&C137&D137 -> 5000016930108008191 | B137: 1 | C137: 10800819 | D137: 1 | E137: 5000016930 | F137: PRINT SERVER | G137: 1 | H137: BH | I137: 45712 | K137: 180950 | L137: IDR | M137: INVT-COMP | N137: LJU | O137: LJIV | R137: LI03 | S137: POLU | T137: 0 | U137: 79702759 | V137: 1 | W137: 0 | X137: PO_INVT | Y137: 45733 | AD137: PT LEUWITEX | AY137: U/ MENGGANTI YANG RUSAK BAGIAN IT (HS CODE : 8517.79.10). MERIS
A138: =E138&C138&D138 -> 5000016930108011171 | B138: 2 | C138: 10801117 | D138: 1 | E138: 5000016930 | F138: PRINT SERVER | G138: 1 | H138: BH | I138: 45728 | K138: 180950 | L138: IDR | M138: INVT-COMP | N138: LJU | O138: LJIV | R138: LI03 | S138: POLU | T138: 0 | U138: 79702759 | V138: 1 | W138: 0 | X138: PO_INVT | Y138: 45733 | AD138: PT LEUWITEX | AY138: U/ BAGIAN QA (HS CODE : 8517.79.10). MARYAM
A139: =E139&C139&D139 -> 5000004248108011341 | B139: 1 | C139: 10801134 | D139: 1 | E139: 5000004248 | F139: MOUSE USB | G139: 10 | H139: BH | I139: 45729 | K139: 65000 | L139: IDR | M139: INVT-COMP | N139: LJU | O139: LJIV | R139: LI03 | S139: POLU | T139: 0 | U139: 79702498 | V139: 0 | W139: 10 | X139: PO_INVT | Y139: 45727 | AD139: PT LEUWITEX | AX139: X | AY139: U/ MENGGANTI YG RUSAK BAGIAN GA (2), GUDANG OBAT KECIL, MARKETING (2), FINAL, GUDANG BENANG, DF, GUDANG PACKING (2) (HS CODE : 8471.60.40). ALI
A140: =E140&C140&D140 -> 5000015000108011851 | B140: 1 | C140: 10801185 | D140: 1 | E140: 5000015000 | F140: POE INJECTOR | G140: 2 | H140: UNT | I140: 45733 | K140: 350000 | L140: IDR | M140: INVT-COMP | N140: LJU | O140: LJIV | R140: LI03 | S140: POLU | T140: 0 | U140: 79702499 | V140: 0 | W140: 2 | X140: PO_INVT | Y140: 45727 | AD140: PT LEUWITEX | AX140: X | AY140: U/ AREA MKA DAN GD. PACKING (HS CODE : 8517.79.10). ERDI
A141: =E141&C141&D141 -> 5000008843108011852 | B141: 1 | C141: 10801185 | D141: 2 | E141: 5000008843 | F141: MONITOR LCD 19 INCH | G141: 1 | H141: UNT | I141: 45733 | K141: 923424 | L141: IDR | M141: INVT-COMP | N141: LJU | O141: LJIV | R141: LI03 | S141: POLU | T141: 0 | U141: 79702500 | V141: 0 | W141: 1 | X141: PO_INVT | Y141: 45727 | AD141: PT LEUWITEX | AX141: X | AY141: (FP : KB PPN 0%) U/ PENAMBAHAN KARYAWAN BARU DI BAGIAN BEA CUKAI (HS CODE : 8528.52.00). PUTRI
...

Sheet GRS 2025
B1: DOC# | C1: DOC_TYPE | D1: POSTING_DATE | E1: FISCAL | F1: ITEM | G1: QTY | H1: EUN | I1: MATERIAL | J1: PLANT | K1: SLOC | L1: BATCH | M1: REFF_NUMBER | N1: MVT | O1: POSTING | P1: STOCK_TYPE | Q1: BUN | R1: AMOUNT | S1: CEK | T1: QTY_EUN | U1: ITEM_REFF | V1: RESERVATION# | W1: POD_SEQ | X1: PHYSICAL# | Y1: CANCEL_DOC | Z1: ITEM_DESC | AA1: BARCODE | AB1: NETTO | AC1: BRUTO | AD1: SEQ_CONTRACT | AE1: AMOUNT_CONTRACT | AF1: AMOUNT_DPP | AG1: ADC | AH1: PPH | AI1: CANCEL_DOC | AJ1: NO_SJ | AK1: NETTO | AL1: BRUTO | AM1: SERVICE | AN1: DISC | AO1: F_TRANS | AP1: KETERANGAN | AQ1: CONTRACT_AMOUNT | AR1: SEQ_CONTRACT | AS1: SUB_VENDOR_CODE | AT1: SUB_VENDOR_NAME | AU1: DOC_STATUS
A2: =I2&M2 -> 500000505979700166 | B2: 5025000485 | C2: WE | D2: 45667 | E2: 2025 | F2: 1 | G2: 2 | I2: 5000005059 | J2: LJU | K2: LJIV | M2: 79700166 | N2: 101 | O2: + | Q2: BH | R2: 190000 | T2: 2 | U2: 1 | Z2: U/ BAGIAN MARKETING (HS CODE : 8471.60.30). ELFHA
A3: =I3&M3 -> 500000424879700166 | B3: 5025000485 | C3: WE | D3: 45667 | E3: 2025 | F3: 2 | G3: 2 | I3: 5000004248 | J3: LJU | K3: LJIV | M3: 79700166 | N3: 101 | O3: + | Q3: BH | R3: 130000 | T3: 2 | U3: 2 | Z3: U/ BAGIAN MARKETING (HS CODE : 8471.60.40). ELFHA
A4: =I4&M4 -> 500001144879700166 | B4: 5025000485 | C4: WE | D4: 45667 | E4: 2025 | F4: 3 | G4: 2 | I4: 5000011448 | J4: LJU | K4: LJIV | M4: 79700166 | N4: 101 | O4: + | Q4: UNT | R4: 100000 | T4: 2 | U4: 3 | Z4: URGENT : ORDER YG 3 METER U/ S. MANAGER PRODUKSI, TEKNIK & HRD DAN PEMBELIAN (HS CODE : 8544.20.31). IDRUS
A5: =I5&M5 -> 500000892979700166 | B5: 5025000485 | C5: WE | D5: 45667 | E5: 2025 | F5: 4 | G5: 6 | I5: 5000008929 | J5: LJU | K5: LJIV | M5: 79700166 | N5: 101 | O5: + | Q5: BH | R5: 900000 | T5: 6 | U5: 4 | Z5: U/ BAGIAN IT (3), FINAL LJU, GD PACKING, PPC PROCESSING LJ1 (HS CODE : 8414.59.10). ERDI
A6: =I6&M6 -> 500001175479700163 | B6: 5025000635 | C6: WE | D6: 45670 | E6: 2025 | F6: 1 | G6: 1 | I6: 5000011754 | J6: LJU | K6: LJIV | M6: 79700163 | N6: 101 | O6: + | Q6: BH | R6: 20000 | T6: 1 | U6: 1 | Z6: U/ S. MANAGER PRODUKSI, TEKNIK & HRD (HS CODE : 8471.60.40). DETA
A7: =I7&M7 -> 500001630879700161 | B7: 5025000984 | C7: WE | D7: 45674 | E7: 2025 | F7: 1 | G7: 2 | I7: 5000016308 | J7: LJU | K7: LJIV | M7: 79700161 | N7: 101 | O7: + | Q7: UNT | R7: 5960000 | T7: 2 | U7: 1 | Z7: U/ BAGIAN MARKETING (HS CODE : 8479.89.50). ELFHA | AB7: 0 | AC7: 0 | AE7: 0
A8: =I8&M8 -> 500001625579700161 | B8: 5025000984 | C8: WE | D8: 45674 | E8: 2025 | F8: 2 | G8: 2 | I8: 5000016255 | J8: LJU | K8: LJIV | M8: 79700161 | N8: 101 | O8: + | Q8: BH | R8: 686000 | T8: 2 | U8: 2 | Z8: U/ BAGIAN TRAINING & DEVELOPMENT (HS CODE : 8471.50.90). ERDI | AB8: 0 | AC8: 0 | AE8: 0
A9: =I9&M9 -> 500001630879700363 | B9: 5025001010 | C9: WE | D9: 45674 | E9: 2025 | F9: 1 | G9: 3 | I9: 5000016308 | J9: LJU | K9: LJIV | M9: 79700363 | N9: 101 | O9: + | Q9: UNT | R9: 8940000 | T9: 3 | U9: 1 | Z9: U/ PROGRAM APLIKASI BARU GD GREY LJ1 (I5 GEN 6) (HS CODE : 8479.89.50). AGUS | AB9: 0 | AC9: 0 | AE9: 0
A10: =I10&M10 -> 500001625579700363 | B10: 5025001010 | C10: WE | D10: 45674 | E10: 2025 | F10: 2 | G10: 2 | I10: 5000016255 | J10: LJU | K10: LJIV | M10: 79700363 | N10: 101 | O10: + | Q10: BH | R10: 686000 | T10: 2 | U10: 2 | Z10: U/ PROGRAM APLIKASI BARU GD GREY LJ1 (HS CODE : 8479.89.50). AGUS | AB10: 0 | AC10: 0 | AE10: 0
A11: =I11&M11 -> 500001586179700733 | B11: 5025001652 | C11: WE | D11: 45684 | E11: 2025 | F11: 1 | G11: 4 | I11: 5000015861 | J11: LJU | K11: LJIV | M11: 79700733 | N11: 101 | O11: + | Q11: UNT | R11: 4000000 | T11: 4 | U11: 1 | Z11: U/ AREA GUDANG BARU (BENANG & PACKING) (HS CODE : 8525.81.10). DESSY
A12: =I12&M12 -> 500001500079700733 | B12: 5025001652 | C12: WE | D12: 45684 | E12: 2025 | F12: 2 | G12: 4 | I12: 5000015000 | J12: LJU | K12: LJIV | M12: 79700733 | N12: 101 | O12: + | Q12: UNT | R12: 1400000 | T12: 4 | U12: 2 | Z12: U/ AREA GUDANG BARU (BENANG & PACKING) (HS CODE : 8517.79.10). DESSY
A13: =I13&M13 -> 500001672879700803 | B13: 5025001655 | C13: WE | D13: 45684 | E13: 2025 | F13: 1 | G13: 1 | I13: 5000016728 | J13: LJU | K13: LJIV | M13: 79700803 | N13: 101 | O13: + | Q13: UNT | R13: 346847 | T13: 1 | U13: 1 | Z13: (FP : KB PPN 0%) U/ MTC PERSIAPAN LJ2 (HS CODE : 8517.79.10). TIO | AB13: 0 | AC13: 0 | AE13: 0
A14: =I14&M14 -> 500001654179700680 | B14: 5025001688 | C14: WE | D14: 45684 | E14: 2025 | F14: 1 | G14: 3 | I14: 5000016541 | J14: LJU | K14: LJIV | M14: 79700680 | N14: 101 | O14: + | Q14: BH | R14: 225000 | T14: 3 | U14: 1 | Z14: U/ BAGIAN BI : PROYEK BALI, ASURANSI (HS CODE : 8523.29.71). REYZA
A15: =I15&M15 -> 500000505979700786 | B15: 5025001719 | C15: WE | D15: 45685 | E15: 2025 | F15: 1 | G15: 1 | I15: 5000005059 | J15: LJU | K15: LJIV | M15: 79700786 | N15: 101 | O15: + | Q15: BH | R15: 95000 | T15: 1 | U15: 1 | Z15: U/ KADEPT HRD OPERASIONAL YANG BARU (HS CODE : 8471.60.30). AYU
A16: =I16&M16 -> 500000424879700786 | B16: 5025001719 | C16: WE | D16: 45685 | E16: 2025 | F16: 2 | G16: 1 | I16: 5000004248 | J16: LJU | K16: LJIV | M16: 79700786 | N16: 101 | O16: + | Q16: BH | R16: 65000 | T16: 1 | U16: 2 | Z16: U/ KADEPT HRD OPERASIONAL YANG BARU (HS CODE : 8471.60.40). AYU
A17: =I17&M17 -> 500001202179700786 | B17: 5025001719 | C17: WE | D17: 45685 | E17: 2025 | F17: 3 | G17: 1 | I17: 5000012021 | J17: LJU | K17: LJIV | M17: 79700786 | N17: 101 | O17: + | Q17: BH | R17: 30000 | T17: 1 | U17: 3 | Z17: U/ KADEPT HRD OPERASIONAL YANG BARU (HS CODE : 8544.20.31). AYU
A18: =I18&M18 -> 500001175479700786 | B18: 5025001719 | C18: WE | D18: 45685 | E18: 2025 | F18: 4 | G18: 2 | I18: 5000011754 | J18: LJU | K18: LJIV | M18: 79700786 | N18: 101 | O18: + | Q18: BH | R18: 40000 | T18: 2 | U18: 4 | Z18: U/ KADEPT HRD OPERASIONAL YANG BARU & BAGIAN BEACUKAI (HS CODE : 8471.60.40). AYU & PUTRI
A19: =I19&M19 -> 500000884379700802 | B19: 5025001725 | C19: WE | D19: 45685 | E19: 2025 | F19: 1 | G19: 1 | I19: 5000008843 | J19: LJU | K19: LJIV | M19: 79700802 | N19: 101 | O19: + | Q19: UNT | R19: 923424 | T19: 1 | U19: 1 | Z19: (FP : KB PPN 0%) U/ RUANG MEETING BAGIAN DF LJ1 (HS CODE : 8528.52.00). ERISA | AB19: 0 | AC19: 0 | AE19: 0
A20: =I20&M20 -> 500001642879700802 | B20: 5025001725 | C20: WE | D20: 45685 | E20: 2025 | F20: 2 | G20: 1 | I20: 5000016428 | J20: LJU | K20: LJIV | M20: 79700802 | N20: 101 | O20: + | Q20: UNT | R20: 1531532 | T20: 1 | U20: 2 | Z20: (FP : KB PPN 0%)U/ BAGIAN MTC GREY LJ3 (HS CODE : 8443.31.11). WAHDYAT | AB20: 0 | AC20: 0 | AE20: 0
A21: =I21&M21 -> 500001721679700802 | B21: 5025001725 | C21: WE | D21: 45685 | E21: 2025 | F21: 3 | G21: 1 | I21: 5000017216 | J21: LJU | K21: LJIV | M21: 79700802 | N21: 101 | O21: + | Q21: UNT | R21: 1013514 | T21: 1 | U21: 3 | Z21: (FP : KB PPN 0%)U/ KADEPT HRD OPERASIONAL YANG BARU (LENOVO L22E-40)(HS CODE : 8528.52.00). AYU | AB21: 0 | AC21: 0 | AE21: 0
A22: =I22&M22 -> 500001735679700788 | B22: 5025001853 | C22: WE | D22: 45687 | E22: 2025 | F22: 1 | G22: 1 | I22: 5000017356 | J22: LJU | K22: LJIV | M22: 79700788 | N22: 101 | O22: + | Q22: UNT | R22: 4875000 | T22: 1 | U22: 1 | Z22: U/ RUANG MEETING BAGIAN DF LJ1 (HS CODE : 9007.92.00). ERISA | AB22: 0 | AC22: 0 | AE22: 0
A23: =I23&M23 -> 500001630879700788 | B23: 5025001853 | C23: WE | D23: 45687 | E23: 2025 | F23: 2 | G23: 1 | I23: 5000016308 | J23: LJU | K23: LJIV | M23: 79700788 | N23: 101 | O23: + | Q23: UNT | R23: 2980000 | T23: 1 | U23: 2 | Z23: U/ RUANG MEETING BAGIAN DF LJ1 (I5 GEN 6)(HS CODE : 8479.89.50). ERISA | AB23: 0 | AC23: 0 | AE23: 0
A24: =I24&M24 -> 500001630879700788 | B24: 5025001853 | C24: WE | D24: 45687 | E24: 2025 | F24: 3 | G24: 1 | I24: 5000016308 | J24: LJU | K24: LJIV | M24: 79700788 | N24: 101 | O24: + | Q24: UNT | R24: 2980000 | T24: 1 | U24: 3 | Z24: U/ KADEPT HRD OPERASIONAL YANG BARU (I5 GEN 6)(HS CODE : 8479.89.50). AYU | AB24: 0 | AC24: 0 | AE24: 0
A25: =I25&M25 -> 500001618579700788 | B25: 5025001853 | C25: WE | D25: 45687 | E25: 2025 | F25: 4 | G25: 1 | I25: 5000016185 | J25: LJU | K25: LJIV | M25: 79700788 | N25: 101 | O25: + | Q25: BH | R25: 1625000 | T25: 1 | U25: 4 | Z25: U/ KADEPT HRD OPERASIONAL YANG BARU (PANASONIC KX DT -521) (HS CODE : 8517.14.00). AYU | AB25: 0 | AC25: 0 | AE25: 0
A26: =I26&M26 -> 500000505979700679 | B26: 5025001921 | C26: WE | D26: 45688 | E26: 2025 | F26: 1 | G26: 1 | I26: 5000005059 | J26: LJU | K26: LJIV | M26: 79700679 | N26: 101 | O26: + | Q26: BH | R26: 95000 | T26: 1 | U26: 1 | Z26: U/ RUANG MEETING BAGIAN DF LJ1 (HS CODE : 8471.60.30). ERISA
A27: =I27&M27 -> 500000424879700679 | B27: 5025001921 | C27: WE | D27: 45688 | E27: 2025 | F27: 2 | G27: 1 | I27: 5000004248 | J27: LJU | K27: LJIV | M27: 79700679 | N27: 101 | O27: + | Q27: BH | R27: 65000 | T27: 1 | U27: 2 | Z27: U/ RUANG MEETING BAGIAN DF LJ1 (HS CODE : 8471.60.40). ERISA
A28: =I28&M28 -> 500001364079700679 | B28: 5025001921 | C28: WE | D28: 45688 | E28: 2025 | F28: 3 | G28: 10 | I28: 5000013640 | J28: LJU | K28: LJIV | M28: 79700679 | N28: 101 | O28: + | Q28: BH | R28: 150000 | T28: 10 | U28: 3 | Z28: U/ BAGIAN IT, PPC (3), HRD (3), RND DAN MARKETING (2) (HS CODE : 8518.40.20). ERDI
A29: =I29&M29 -> 500000505979700679 | B29: 5025001921 | C29: WE | D29: 45688 | E29: 2025 | F29: 4 | G29: 10 | I29: 5000005059 | J29: LJU | K29: LJIV | M29: 79700679 | N29: 101 | O29: + | Q29: BH | R29: 950000 | T29: 10 | U29: 4 | Z29: U/ BAGIAN QA (2), WEAVING, FINAL, GA, PERSIAPAN LJ3, PPC GREY, MARKETING (2) DAN RND (HS CODE : 8471.60.30). ALI
A30: =I30&M30 -> 500000534079701197 | B30: 5025002538 | C30: WE | D30: 45699 | E30: 2025 | F30: 1 | G30: 2 | I30: 5000005340 | J30: LJU | K30: LJIV | M30: 79701197 | N30: 101 | O30: + | Q30: UNT | R30: 310000 | T30: 2 | U30: 1 | Z30: U/ MENGGANTI YG RUSAK BAGIAN PERSONALIA DAN GD PACKING (HS CODE : 8414.59.10). ERDI
A31: =I31&M31 -> 500001490479701197 | B31: 5025002538 | C31: WE | D31: 45699 | E31: 2025 | F31: 2 | G31: 1 | I31: 5000014904 | J31: LJU | K31: LJIV | M31: 79701197 | N31: 101 | O31: + | Q31: UNT | R31: 1600000 | T31: 1 | U31: 2 | Z31: U/ MENGGANTI YANG RUSAK DI AREA EX. PERSONALIA (HS CODE : 8471.90.30). ERIK
A32: =I32&M32 -> 500000505979701197 | B32: 5025002538 | C32: WE | D32: 45699 | E32: 2025 | F32: 3 | G32: 1 | I32: 5000005059 | J32: LJU | K32: LJIV | M32: 79701197 | N32: 101 | O32: + | Q32: BH | R32: 95000 | T32: 1 | U32: 3 | Z32: U/ BAGIAN RND PROCESSING LJ1 (HS CODE : 8471.60.30). TETEN
A33: =I33&M33 -> 500000424879701197 | B33: 5025002538 | C33: WE | D33: 45699 | E33: 2025 | F33: 4 | G33: 3 | I33: 5000004248 | J33: LJU | K33: LJIV | M33: 79701197 | N33: 101 | O33: + | Q33: BH | R33: 195000 | T33: 3 | U33: 4 | Z33: U/ BAGIAN RND PROCESSING LJ1 DAN MENGGANTI YANG RUSAK BAGIAN KEUANGAN (2) (HS CODE : 8471.60.40). TETEN & FAJAR
A34: =I34&M34 -> 500001202179701197 | B34: 5025002538 | C34: WE | D34: 45699 | E34: 2025 | F34: 5 | G34: 1 | I34: 5000012021 | J34: LJU | K34: LJIV | M34: 79701197 | N34: 101 | O34: + | Q34: BH | R34: 30000 | T34: 1 | U34: 5 | Z34: U/ BAGIAN RND PROCESSING LJ1 (HS CODE : 8544.20.31). TETEN
A35: =I35&M35 -> 500001667179701197 | B35: 5025002538 | C35: WE | D35: 45699 | E35: 2025 | F35: 6 | G35: 2 | I35: 5000016671 | J35: LJU | K35: LJIV | M35: 79701197 | N35: 101 | O35: + | Q35: BH | R35: 180000 | T35: 2 | U35: 6 | Z35: U/ MENGGANTI YANG RUSAK BAGIAN RND DAN KEUANGAN (HS CODE : 8517.79.10). RICKY
A36: =I36&M36 -> 500001548079701197 | B36: 5025002538 | C36: WE | D36: 45699 | E36: 2025 | F36: 7 | G36: 1 | I36: 5000015480 | J36: LJU | K36: LJIV | M36: 79701197 | N36: 101 | O36: + | Q36: BH | R36: 140000 | T36: 1 | U36: 7 | Z36: U/ BAGIAN PERSONALIA (HS CODE : 8454.10.00). SARI
A37: =I37&M37 -> 500000505979701197 | B37: 5025002538 | C37: WE | D37: 45699 | E37: 2025 | F37: 8 | G37: 1 | I37: 5000005059 | J37: LJU | K37: LJIV | M37: 79701197 | N37: 101 | O37: + | Q37: BH | R37: 95000 | T37: 1 | U37: 8 | Z37: U/ PIMPINAN PERSIAPAN LJ3 YG BARU (HS CODE : 8471.60.30). DJAFAR
... A42: =I42&M42 -> 500000884379701173 | B42: 5025002541 | C42: WE | D42: 45699 | E42: 2025 | F42: 3 | G42: 1 | I42: 5000008843 | J42: LJU | K42: LJIV | M42: 79701173 | N42: 101 | O42: + | Q42: UNT | R42: 923424 | T42: 1 | U42: 3 | Z42: (FP : KB PPN 0%) U/ PIMPINAN PERSIAPAN LJ3 YG BARU (HS CODE : 8528.52.00). DJAFAR
A43: =I43&M43 -> 500001710579701495 | B43: 5025003221 | C43: WE | D43: 45708 | E43: 2025 | F43: 1 | G43: 2 | I43: 5000017105 | J43: LJU | K43: LJIV | M43: 79701495 | N43: 101 | O43: + | Q43: UNT | R43: 1081082 | T43: 2 | U43: 1 | Z43: (FP : KB PPN 0%) ORDER 100 PAIR U/ PROJECT GEDUNG MARKETING YG BARU (HS CODE : 8536.90.93).TIO | AB43: 0 | AC43: 0 | AE43: 0
A44: =I44&M44 -> 500001710579701495 | B44: 5025003221 | C44: WE | D44: 45708 | E44: 2025 | F44: 2 | G44: 1 | I44: 5000017105 | J44: LJU | K44: LJIV | M44: 79701495 | N44: 101 | O44: + | Q44: UNT | R44: 1036036.1 | T44: 1 | U44: 2 | Z44: (FP : KB PPN 0%) ORDER 200 PAIR U/ PROJECT GEDUNG MARKETING YG BARU (HS CODE : 8536.90.93).TIO | AB44: 0 | AC44: 0 | AE44: 0
A45: =I45&M45 -> 500001762479701495 | B45: 5025003221 | C45: WE | D45: 45708 | E45: 2025 | F45: 3 | G45: 2 | I45: 5000017624 | J45: LJU | K45: LJIV | M45: 79701495 | N45: 101 | O45: + | Q45: UNT | R45: 4144146 | T45: 2 | U45: 3 | Z45: (FP : KB PPN 0%) U/ ASS. MGR GREY & PROCESSING (PAK DEDE ROHIMAT & PAK NOFRIZAL) (LENOVO D32-40) (HS CODE : 8528.52.00). DADANG | AB45: 0 | AC45: 0 | AE45: 0
A46: =I46&M46 -> 500001640979701495 | B46: 5025003221 | C46: WE | D46: 45708 | E46: 2025 | F46: 4 | G46: 1 | I46: 5000016409 | J46: LJU | K46: LJIV | M46: 79701495 | N46: 101 | O46: + | Q46: UNT | R46: 2027028 | T46: 1 | U46: 4 | Z46: (FP : KB PPN 0%) U/ BAGIAN QA (HS CODE : 8443.31.11). HENGKY | AB46: 0 | AC46: 0 | AE46: 0
A47: =I47&M47 -> 500000884379701495 | B47: 5025003221 | C47: WE | D47: 45708 | E47: 2025 | F47: 5 | G47: 1 | I47: 5000008843 | J47: LJU | K47: LJIV | M47: 79701495 | N47: 101 | O47: + | Q47: UNT | R47: 923424 | T47: 1 | U47: 5 | Z47: (FP : KB PPN 0%) U/ KADEPT TAX ACCOUNTING YANG BARU (HS CODE : 8528.52.00). CYNTHIA | AB47: 0 | AC47: 0 | AE47: 0
A48: =I48&M48 -> 500000884379701495 | B48: 5025003221 | C48: WE | D48: 45708 | E48: 2025 | F48: 6 | G48: 1 | I48: 5000008843 | J48: LJU | K48: LJIV | M48: 79701495 | N48: 101 | O48: + | Q48: UNT | R48: 923424 | T48: 1 | U48: 6 | Z48: (FP : KB PPN 0%) U/ ASS. MANAGER HRD YANG BARU (HS CODE : 8528.52.00). AYU | AB48: 0 | AC48: 0 | AE48: 0
A49: =I49&M49 -> 500001642879701495 | B49: 5025003221 | C49: WE | D49: 45708 | E49: 2025 | F49: 7 | G49: 1 | I49: 5000016428 | J49: LJU | K49: LJIV | M49: 79701495 | N49: 101 | O49: + | Q49: UNT | R49: 1531532 | T49: 1 | U49: 7 | Z49: (FP : KB PPN 0%) U/ ASS. MANAGER HRD YANG BARU (HS CODE : 8443.31.11). AYU | AB49: 0 | AC49: 0 | AE49: 0
A50: =I50&M50 -> 500001630879701497 | B50: 5025003224 | C50: WE | D50: 45708 | E50: 2025 | F50: 1 | G50: 1 | I50: 5000016308 | J50: LJU | K50: LJIV | M50: 79701497 | N50: 101 | O50: + | Q50: UNT | R50: 2980000 | T50: 1 | U50: 1 | Z50: U/ KADEPT TAX ACCOUNTING YANG BARU (I5 GEN 6) (HS CODE : 8479.89.50). CYNTHIA | AB50: 0 | AC50: 0 | AE50: 0
A51: =I51&M51 -> 500001630879701497 | B51: 5025003224 | C51: WE | D51: 45708 | E51: 2025 | F51: 2 | G51: 1 | I51: 5000016308 | J51: LJU | K51: LJIV | M51: 79701497 | N51: 101 | O51: + | Q51: UNT | R51: 2980000 | T51: 1 | U51: 2 | Z51: U/ ASS. MANAGER HRD YANG BARU (I5 GEN 6) (HS CODE : 8479.89.50). AYU | AB51: 0 | AC51: 0 | AE51: 0
A52: =I52&M52 -> 500001349979701548 | B52: 5025003225 | C52: WE | D52: 45708 | E52: 2025 | F52: 1 | G52: 1 | I52: 5000013499 | J52: LJU | K52: LJIV | M52: 79701548 | N52: 101 | O52: + | Q52: UNT | R52: 290000 | T52: 1 | U52: 1 | Z52: U/ ASS. MANAGER MARKETING YANG BARU (KX-TS505MX) (HS CODE : 8517.14.00). IRFAN | AB52: 0 | AC52: 0 | AE52: 0
A53: =I53&M53 -> 500000505979701544 | B53: 5025003226 | C53: WE | D53: 45708 | E53: 2025 | F53: 1 | G53: 1 | I53: 5000005059 | J53: LJU | K53: LJIV | M53: 79701544 | N53: 101 | O53: + | Q53: BH | R53: 125000 | T53: 1 | U53: 1 | Z53: ORDER YANG LOGITECH U/ BAGIAN IT (HS CODE : 8471.60.30). BUDI
A54: =I54&M54 -> 500000505979701544 | B54: 5025003226 | C54: WE | D54: 45708 | E54: 2025 | F54: 2 | G54: 1 | I54: 5000005059 | J54: LJU | K54: LJIV | M54: 79701544 | N54: 101 | O54: + | Q54: BH | R54: 95000 | T54: 1 | U54: 2 | Z54: U/ KADEPT TAX ACCOUNTING YANG BARU (HS CODE : 8471.60.30). CYNTHIA
A55: =I55&M55 -> 500000424879701544 | B55: 5025003226 | C55: WE | D55: 45708 | E55: 2025 | F55: 3 | G55: 13 | I55: 5000004248 | J55: LJU | K55: LJIV | M55: 79701544 | N55: 101 | O55: + | Q55: BH | R55: 845000 | T55: 13 | U55: 3 | Z55: U/ KADEPT TAX ACCOUNTING YANG BARU & MENGGANTI YG RUSAK BAGIAN PROCESSING DF (2), FINAL, QA (2), PAJAK (4), RND DAN GD PACKING (2) (HS CODE : 8471.60.40). CYNTHIA & ALI
A56: =I56&M56 -> 500001202179701544 | B56: 5025003226 | C56: WE | D56: 45708 | E56: 2025 | F56: 4 | G56: 1 | I56: 5000012021 | J56: LJU | K56: LJIV | M56: 79701544 | N56: 101 | O56: + | Q56: BH | R56: 30000 | T56: 1 | U56: 4 | Z56: U/ KADEPT TAX ACCOUNTING YANG BARU (HS CODE : 8544.20.31). CYNTHIA
A57: =I57&M57 -> 500000505979701544 | B57: 5025003226 | C57: WE | D57: 45708 | E57: 2025 | F57: 5 | G57: 1 | I57: 5000005059 | J57: LJU | K57: LJIV | M57: 79701544 | N57: 101 | O57: + | Q57: BH | R57: 95000 | T57: 1 | U57: 5 | Z57: U/ ASS. MANAGER HRD YANG BARU (HS CODE : 8471.60.30). AYU
A58: =I58&M58 -> 500000424879701544 | B58: 5025003226 | C58: WE | D58: 45708 | E58: 2025 | F58: 6 | G58: 1 | I58: 5000004248 | J58: LJU | K58: LJIV | M58: 79701544 | N58: 101 | O58: + | Q58: BH | R58: 65000 | T58: 1 | U58: 6 | Z58: U/ ASS. MANAGER HRD YANG BARU (HS CODE : 8471.60.40). AYU
A59: =I59&M59 -> 500001202179701544 | B59: 5025003226 | C59: WE | D59: 45708 | E59: 2025 | F59: 7 | G59: 1 | I59: 5000012021 | J59: LJU | K59: LJIV | M59: 79701544 | N59: 101 | O59: + | Q59: BH | R59: 30000 | T59: 1 | U59: 7 | Z59: U/ ASS. MANAGER HRD YANG BARU (HS CODE : 8544.20.31). AYU
A60: =I60&M60 -> 500001175479701544 | B60: 5025003226 | C60: WE | D60: 45708 | E60: 2025 | F60: 8 | G60: 1 | I60: 5000011754 | J60: LJU | K60: LJIV | M60: 79701544 | N60: 101 | O60: + | Q60: BH | R60: 20000 | T60: 1 | U60: 8 | Z60: U/ ASS. MANAGER HRD YANG BARU (HS CODE : 8471.60.40). AYU
A61: =I61&M61 -> 500000912879701193 | B61: 5025003384 | C61: WE | D61: 45712 | E61: 2025 | F61: 1 | G61: 5 | I61: 5000009128 | J61: LJU | K61: LJIV | M61: 79701193 | N61: 101 | O61: + | Q61: BH | R61: 450000 | T61: 5 | U61: 1 | Z61: U/ BAGIAN IT (4 PIN)(HS CODE : 8544.20.31). TIO | AB61: 0 | AC61: 0 | AE61: 0
A62: =I62&M62 -> 500001466779701193 | B62: 5025003384 | C62: WE | D62: 45712 | E62: 2025 | F62: 2 | G62: 1 | I62: 5000014667 | J62: LJU | K62: LJIV | M62: 79701193 | N62: 101 | O62: + | Q62: UNT | R62: 70000 | T62: 1 | U62: 2 | Z62: U/ MENGGANTI YG RUSAK BAGIAN DF LJ1 (HS CODE : 8517.79.10). TIO | AB62: 0 | AC62: 0 | AE62: 0
A63: =I63&M63 -> 500001630879701193 | B63: 5025003384 | C63: WE | D63: 45712 | E63: 2025 | F63: 3 | G63: 1 | I63: 5000016308 | J63: LJU | K63: LJIV | M63: 79701193 | N63: 101 | O63: + | Q63: UNT | R63: 2980000 | T63: 1 | U63: 3 | Z63: U/ BAGIAN RND PROCESSING LJ1 (I5 GEN6) (HS CODE : 8479.89.50). TETEN | AB63: 0 | AC63: 0 | AE63: 0
A64: =I64&M64 -> 500001630879701193 | B64: 5025003384 | C64: WE | D64: 45712 | E64: 2025 | F64: 4 | G64: 1 | I64: 5000016308 | J64: LJU | K64: LJIV | M64: 79701193 | N64: 101 | O64: + | Q64: UNT | R64: 2980000 | T64: 1 | U64: 4 | Z64: U/ PIMPINAN PERSIAPAN LJ3 YG BARU (I5 GEN6) (HS CODE : 8479.89.50). DJAFAR | AB64: 0 | AC64: 0 | AE64: 0
A65: =I65&M65 -> 500001725879701695 | B65: 5025003422 | C65: WE | D65: 45712 | E65: 2025 | F65: 1 | G65: 1 | I65: 5000017258 | J65: LJU | K65: LJIV | M65: 79701695 | N65: 101 | O65: + | Q65: UNT | R65: 945946 | T65: 1 | U65: 1 | Z65: (FP : KB PPN 0%) U/ PROJECT RUANG BARU MARKETING (HS CODE : 8517.79.10). ERDI | AB65: 0 | AC65: 0 | AE65: 0
A66: =I66&M66 -> 500001677979701695 | B66: 5025003422 | C66: WE | D66: 45712 | E66: 2025 | F66: 2 | G66: 2 | I66: 5000016779 | J66: LJU | K66: LJIV | M66: 79701695 | N66: 101 | O66: + | Q66: UNT | R66: 1486486.6 | T66: 2 | U66: 2 | Z66: (FP : KB PPN 0%) U/ PROJECT RUANG BARU MARKETING & AREA LJ3 (HS CODE : 8517.79.10). ERDI & TIO | AB66: 0 | AC66: 0 | AE66: 0
A67: =I67&M67 -> 500001693079701686 | B67: 5025003423 | C67: WE | D67: 45712 | E67: 2025 | F67: 1 | G67: 2 | I67: 5000016930 | J67: LJU | K67: LJIV | M67: 79701686 | N67: 101 | O67: + | Q67: BH | R67: 394000 | T67: 2 | U67: 1 | Z67: URGENT : U/ DF LJ2 DAN PENAMBAHAN DI RUANG BARU BAGIAN UTILITY (HS CODE : 8517.79.10). AGUS & ERLIN
A68: =I68&M68 -> 500001664279701703 | B68: 5025003460 | C68: WE | D68: 45713 | E68: 2025 | F68: 1 | G68: 1 | I68: 5000016642 | J68: LJU | K68: LJIV | M68: 79701703 | N68: 101 | O68: + | Q68: BH | R68: 135000 | T68: 1 | U68: 1 | Z68: U/ RUANG MEETING DF LJ1 ( 1 METER HITAM) (HS CODE : 8714.99.91). KARISA | AB68: 0 | AC68: 0 | AE68: 0
A69: =I69&M69 -> 500001625579701696 | B69: 5025003464 | C69: WE | D69: 45713 | E69: 2025 | F69: 1 | G69: 1 | I69: 5000016255 | J69: LJU | K69: LJIV | M69: 79701696 | N69: 101 | O69: + | Q69: BH | R69: 343000 | T69: 1 | U69: 1 | Z69: U/ MENGGANTI YANG RUSAK BAGIAN GD BENANG (HS CODE : 8471.50.90). TIO | AB69: 0 | AC69: 0 | AE69: 0
A70: =I70&M70 -> 500001630879701696 | B70: 5025003464 | C70: WE | D70: 45713 | E70: 2025 | F70: 2 | G70: 1 | I70: 5000016308 | J70: LJU | K70: LJIV | M70: 79701696 | N70: 101 | O70: + | Q70: UNT | R70: 2980000 | T70: 1 | U70: 2 | Z70: U/ BAGIAN GUDANG BENANG (I5 GEN 6) (HS CODE : 8479.89.50). SALIK | AB70: 0 | AC70: 0 | AE70: 0
A71: =I71&M71 -> 500001667179701698 | B71: 5025003631 | C71: WE | D71: 45715 | E71: 2025 | F71: 1 | G71: 1 | I71: 5000016671 | J71: LJU | K71: LJIV | M71: 79701698 | N71: 101 | O71: + | Q71: BH | R71: 90000 | T71: 1 | U71: 1 | Z71: URGENT : U/ MENGGANTI YANG RUSAK BAGIAN KEUANGAN (HS CODE : 8517.79.10). RICKY
A72: =I72&M72 -> 500001364079701698 | B72: 5025003631 | C72: WE | D72: 45715 | E72: 2025 | F72: 2 | G72: 10 | I72: 5000013640 | J72: LJU | K72: LJIV | M72: 79701698 | N72: 101 | O72: + | Q72: BH | R72: 150000 | T72: 10 | U72: 2 | Z72: U/ PROJECT RUANG BARU MARKETING (HS CODE : 8518.40.20). ERDI
A73: =I73&M73 -> 500001624879701698 | B73: 5025003631 | C73: WE | D73: 45715 | E73: 2025 | F73: 3 | G73: 1 | I73: 5000016248 | J73: LJU | K73: LJIV | M73: 79701698 | N73: 101 | O73: + | Q73: UNT | R73: 1850000 | T73: 1 | U73: 3 | Z73: U/ PROJECT RUANG BARU MARKETING (HS CODE : 8304.00.99). ERDI
A74: =I74&M74 -> 500000073979701698 | B74: 5025003631 | C74: WE | D74: 45715 | E74: 2025 | F74: 4 | G74: 1 | I74: 5000000739 | J74: LJU | K74: LJIV | M74: 79701698 | N74: 101 | O74: + | Q74: ROL | R74: 2175000 | T74: 1 | U74: 4 | Z74: U/ GUDANG BARU DI PERSIAPAN LJ3 (HS CODE : 8517.14.00). ERDI
A75: =I75&M75 -> 500001202179701698 | B75: 5025003631 | C75: WE | D75: 45715 | E75: 2025 | F75: 5 | G75: 1 | I75: 5000012021 | J75: LJU | K75: LJIV | M75: 79701698 | N75: 101 | O75: + | Q75: BH | R75: 145000 | T75: 1 | U75: 5 | Z75: ORDER UKURAN 10 METER, U/ RUANG MEETING DF LJ1 (HS CODE : 8544.20.31). KARISA
A76: =I76&M76 -> 500001630879701947 | B76: 5025003966 | C76: WE | D76: 45720 | E76: 2025 | F76: 1 | G76: 1 | I76: 5000016308 | J76: LJU | K76: LJIV | M76: 79701947 | N76: 101 | O76: + | Q76: UNT | R76: 2980000 | T76: 1 | U76: 1 | Z76: U/ BAGIAN GD BENANG (PENDATAAN STOCK BENANG DI GUDANG BARU) ( I5 GEN6) (HS CODE : 8479.89.50). SALIK | AB76: 0 | AC76: 0 | AE76: 0
A77: =I77&M77 -> 500001725879701966 | B77: 5025003971 | C77: WE | D77: 45720 | E77: 2025 | F77: 1 | G77: 1 | I77: 5000017258 | J77: LJU | K77: LJIV | M77: 79701966 | N77: 101 | O77: + | Q77: UNT | R77: 945946 | T77: 1 | U77: 1 | Z77: (FP : KB PPN 0%) U/ MENGGANTI YG RUSAK DI AREA GEDUNG SUPPORTING LANTAI 2 (HS CODE : 8517.79.10). ERDI | AB77: 0 | AC77: 0 | AE77: 0
A78: =I78&M78 -> 500000884379701966 | B78: 5025003971 | C78: WE | D78: 45720 | E78: 2025 | F78: 2 | G78: 1 | I78: 5000008843 | J78: LJU | K78: LJIV | M78: 79701966 | N78: 101 | O78: + | Q78: UNT | R78: 923424 | T78: 1 | U78: 2 | Z78: (FP : KB PPN 0%) U/ BAGIAN GD BENANG (PENDATAAN STOCK BENANG DI GUDANG BARU) (HS CODE : 8528.52.00). SALIK | AB78: 0 | AC78: 0 | AE78: 0
A79: =I79&M79 -> 500001423779702090 | B79: 5025004118 | C79: WE | D79: 45722 | E79: 2025 | F79: 1 | G79: 2 | I79: 5000014237 | J79: LJU | K79: LJIV | M79: 79702090 | N79: 101 | O79: + | Q79: PCS | R79: 360000 | T79: 2 | U79: 1 | Z79: U/ ASST. MGR. PRODUKSI (BPK DEDE & NOFRIZAL), (HS CODE : 8544.20.31). RICKY
A80: =I80&M80 -> 500001500079701964 | B80: 5025004035 | C80: WE | D80: 45721 | E80: 2025 | F80: 1 | G80: 3 | I80: 5000015000 | J80: LJU | K80: LJIV | M80: 79701964 | N80: 101 | O80: + | Q80: UNT | R80: 1050000 | T80: 3 | U80: 1 | Z80: U/ AREA GD GREY, BONGKAR MUAT LJ3 DAN IPAL (HS CODE : 8517.79.10). ERDI
A81: =I81&M81 -> 500001677979702214 | B81: 5025004232 | C81: WE | D81: 45724 | E81: 2025 | F81: 1 | G81: 1 | I81: 5000016779 | J81: LJU | K81: LJIV | M81: 79702214 | N81: 101 | O81: + | Q81: UNT | R81: 743243.3 | T81: 1 | U81: 1 | Z81: (FP : KB PPN 0%) U/ AREA IPAL (HS CODE : 8517.79.10). TIO | AB81: 0 | AC81: 0 | AE81: 0
A82: =I82&M82 -> 500001637579702214 | B82: 5025004232 | C82: WE | D82: 45724 | E82: 2025 | F82: 2 | G82: 1 | I82: 5000016375 | J82: LJU | K82: LJIV | M82: 79702214 | N82: 101 | O82: + | Q82: UNT | R82: 2072072.1 | T82: 1 | U82: 2 | Z82: (FP : KB PPN 0%) URGENT : U/ MENGGANTI YANG RUSAK BAGIAN BEA CUKAI. (HS CODE : 8443.31.11). PUTRI | AB82: 0 | AC82: 0 | AE82: 0
A83: =I83&M83 -> 500001737679702258 | B83: 5025004310 | C83: WE | D83: 45727 | E83: 2025 | F83: 1 | G83: 1 | I83: 5000017376 | J83: LJU | K83: LJIV | M83: 79702258 | N83: 101 | O83: + | Q83: BH | R83: 200000 | T83: 1 | U83: 1 | Z83: MEMORY RAM SERVER ECC 8GB PC4-2666V, U/ BAGIAN IT (HS CODE : 8471.50.90). ERDI | AB83: 0 | AC83: 0 | AE83: 0
A84: =I84&M84 -> 500001658379702242 | B84: 5025004311 | C84: WE | D84: 45727 | E84: 2025 | F84: 1 | G84: 1 | I84: 5000016583 | J84: LJU | K84: LJIV | M84: 79702242 | N84: 101 | O84: + | Q84: UNT | R84: 4580000 | T84: 1 | U84: 1 | Z84: URGENT : U/ BAGIAN MARKETING (I7 GEN 6)(HS CODE : 8479.89.50). YUANITA | AB84: 0 | AC84: 0 | AE84: 0
A85: =I85&M85 -> 500001767779702281 | B85: 5025004312 | C85: WE | D85: 45727 | E85: 2025 | F85: 1 | G85: 3 | I85: 5000017677 | J85: LJU | K85: LJIV | M85: 79702281 | N85: 101 | O85: + | Q85: SET | R85: 1305000 | T85: 3 | U85: 1 | Z85: U/ AREA IPAL (HS CODE : 8454.10.00). TIO | AB85: 0 | AC85: 0 | AE85: 0
A86: =I86&M86 -> 500001767679702281 | B86: 5025004312 | C86: WE | D86: 45727 | E86: 2025 | F86: 2 | G86: 3 | I86: 5000017676 | J86: LJU | K86: LJIV | M86: 79702281 | N86: 101 | O86: + | Q86: BH | R86: 195000 | T86: 3 | U86: 2 | Z86: ORDER YG 1 MTR, U/ AREA IPAL (HS CODE : 8544.49.49). TIO | AB86: 0 | AC86: 0 | AE86: 0
A87: =I87&M87 -> 500000505979701911 | B87: 5025004443 | C87: WE | D87: 45728 | E87: 2025 | F87: 1 | G87: 1 | I87: 5000005059 | J87: LJU | K87: LJIV | M87: 79701911 | N87: 101 | O87: + | Q87: BH | R87: 95000 | T87: 1 | U87: 1 | Z87: U/ BAGIAN GD BENANG (PENDATAAN STOCK BENANG DI GUDANG BARU) (HS CODE : 8471.60.30). SALIK
A88: =I88&M88 -> 500000424879701911 | B88: 5025004443 | C88: WE | D88: 45728 | E88: 2025 | F88: 2 | G88: 1 | I88: 5000004248 | J88: LJU | K88: LJIV | M88: 79701911 | N88: 101 | O88: + | Q88: BH | R88: 65000 | T88: 1 | U88: 2 | Z88: U/ BAGIAN GD BENANG (PENDATAAN STOCK BENANG DI GUDANG BARU) (HS CODE : 8471.60.40). SALIK
A89: =I89&M89 -> 500001202179701911 | B89: 5025004443 | C89: WE | D89: 45728 | E89: 2025 | F89: 3 | G89: 1 | I89: 5000012021 | J89: LJU | K89: LJIV | M89: 79701911 | N89: 101 | O89: + | Q89: BH | R89: 30000 | T89: 1 | U89: 3 | Z89: U/ BAGIAN GD BENANG (PENDATAAN STOCK BENANG DI GUDANG BARU) (HS CODE : 8544.20.31). SALIK
A90: =I90&M90 -> 500001591679701911 | B90: 5025004443 | C90: WE | D90: 45728 | E90: 2025 | F90: 4 | G90: 1 | I90: 5000015916 | J90: LJU | K90: LJIV | M90: 79701911 | N90: 101 | O90: + | Q90: BH | R90: 165000 | T90: 1 | U90: 4 | Z90: U/ BAGIAN MTC. PROCESSING LJ1 (HS CODE : 8471.50.90). RICKY
A91: =I91&M91 -> 500000534079701911 | B91: 5025004443 | C91: WE | D91: 45728 | E91: 2025 | F91: 5 | G91: 1 | I91: 5000005340 | J91: LJU | K91: LJIV | M91: 79701911 | N91: 101 | O91: + | Q91: UNT | R91: 155000 | T91: 1 | U91: 5 | Z91: U/ MENGGANTI YG RUSAK BAGIAN DF LJ1 (HS CODE : 8414.59.10). RICKY
A92: =I92&M92 -> 500000505979701911 | B92: 5025004443 | C92: WE | D92: 45728 | E92: 2025 | F92: 6 | G92: 10 | I92: 5000005059 | J92: LJU | K92: LJIV | M92: 79701911 | N92: 101 | O92: + | Q92: BH | R92: 950000 | T92: 10 | U92: 6 | Z92: U/ MENGGANTI YG RUSAK BAGIAN PERSIAPAN LUCKYTEX, QA (2), RND, PROCCESSING DF (2), GUDANG GREY,GUDANG BENANG, MTC WEAVING DAN PPC GREY (HS CODE : 8471.60.30). ALI
A93: =I93&M93 -> 500001658579702282 | B93: 5025004445 | C93: WE | D93: 45728 | E93: 2025 | F93: 1 | G93: 1 | I93: 5000016585 | J93: LJU | K93: LJIV | M93: 79702282 | N93: 101 | O93: + | Q93: UNT | R93: 25000 | T93: 1 | U93: 1 | Z93: U/ MENGGANTI YG RUSAK LJU(HS CODE : 8544.20.31). TIO
A94: =I94&M94 -> 500000534079702282 | B94: 5025004445 | C94: WE | D94: 45728 | E94: 2025 | F94: 2 | G94: 1 | I94: 5000005340 | J94: LJU | K94: LJIV | M94: 79702282 | N94: 101 | O94: + | Q94: UNT | R94: 155000 | T94: 1 | U94: 2 | Z94: U/ MENGGANTI YG RUSAK BAGIAN MARKETING (HS CODE : 8414.59.10). TIO
A95: =I95&M95 -> 500001200679702282 | B95: 5025004445 | C95: WE | D95: 45728 | E95: 2025 | F95: 3 | G95: 1 | I95: 5000012006 | J95: LJU | K95: LJIV | M95: 79702282 | N95: 101 | O95: + | Q95: UNT | R95: 1750000 | T95: 1 | U95: 3 | Z95: URGENT : U/ MENGGANTI YG RUSAK (MONITORING CCTV AREA BEA CUKAI) (HS CODE : 8528.52.00). TIO
A96: =I96&M96 -> 500000884379702500 | B96: 5025004753 | C96: WE | D96: 45733 | E96: 2025 | F96: 1 | G96: 1 | I96: 5000008843 | J96: LJU | K96: LJIV | M96: 79702500 | N96: 101 | O96: + | Q96: UNT | R96: 923424 | T96: 1 | U96: 1 | Z96: (FP : KB PPN 0%) U/ PENAMBAHAN KARYAWAN BARU DI BAGIAN BEA CUKAI (HS CODE : 8528.52.00). PUTRI | AB96: 0 | AC96: 0 | AE96: 0
A97: =I97&M97 -> 500001769579702490 | B97: 5025004754 | C97: WE | D97: 45733 | E97: 2025 | F97: 1 | G97: 1 | I97: 5000017695 | J97: LJU | K97: LJIV | M97: 79702490 | N97: 101 | O97: + | Q97: UNT | R97: 7612613 | T97: 1 | U97: 1 | Z97: (FP : KB PPN 0%) U/ MENGGANTI YANG RUSAK BAGIAN TRAINING & DEVELOPMENT (HS CODE : 8443.31.11). FIRMAN | AB97: 0 | AC97: 0 | AE97: 0
A98: =I98&M98 -> 500001748179702490 | B98: 5025004754 | C98: WE | D98: 45733 | E98: 2025 | F98: 2 | G98: 1 | I98: 5000017481 | J98: LJU | K98: LJIV | M98: 79702490 | N98: 101 | O98: + | Q98: UNT | R98: 3693694 | T98: 1 | U98: 2 | Z98: (FP : KB PPN 0%) U/ MENGGANTI YANG RUSAK BAGIAN TRAINING & DEVELOPMENT (HS CODE : 8443.31.91). FIRMAN | AB98: 0 | AC98: 0 | AE98: 0
A99: =I99&M99 -> 500001768679702495 | B99: 5025004761 | C99: WE | D99: 45733 | E99: 2025 | F99: 1 | G99: 1 | I99: 5000017686 | J99: LJU | K99: LJIV | M99: 79702495 | N99: 101 | O99: + | Q99: BH | R99: 85000 | T99: 1 | U99: 1 | Z99: URGENT : U/ WEBCAM BPK ZENZEN (HS CODE : 9620.00.40). IDRUS
A100: =I100&M100 -> 500001556079702259 | B100: 5025004763 | C100: WE | D100: 45733 | E100: 2025 | F100: 1 | G100: 2 | I100: 5000015560 | J100: LJU | K100: LJIV | M100: 79702259 | N100: 101 | O100: + | Q100: BH | R100: 320000 | T100: 2 | U100: 1 | Z100: U/ BAGIAN IT (HS CODE : 8471.50.90). ERDI
A101: =I101&M101 -> 500001665979702259 | B101: 5025004763 | C101: WE | D101: 45733 | E101: 2025 | F101: 2 | G101: 2 | I101: 5000016659 | J101: LJU | K101: LJIV | M101: 79702259 | N101: 101 | O101: + | Q101: BH | R101: 210000 | T101: 2 | U101: 2 | Z101: U/ MENGGANTI YG RUSAK BAGIAN MTC PROC LJ1 DAN LAB (i30) (HS CODE : 8414.59.10). RICKY
A102: =I102&M102 -> 500000424879702498 | B102: 5025004769 | C102: WE | D102: 45733 | E102: 2025 | F102: 1 | G102: 10 | I102: 5000004248 | J102: LJU | K102: LJIV | M102: 79702498 | N102: 101 | O102: + | Q102: BH | R102: 650000 | T102: 10 | U102: 1 | Z102: U/ MENGGANTI YG RUSAK BAGIAN GA (2), GUDANG OBAT KECIL, MARKETING (2), FINAL, GUDANG BENANG, DF, GUDANG PACKING (2) (HS CODE : 8471.60.40). ALI
A103: =I103&M103 -> 500001500079702499 | B103: 5025004771 | C103: WE | D103: 45733 | E103: 2025 | F103: 1 | G103: 2 | I103: 5000015000 | J103: LJU | K103: LJIV | M103: 79702499 | N103: 101 | O103: + | Q103: UNT | R103: 700000 | T103: 2 | U103: 1 | Z103: U/ AREA MKA DAN GD. PACKING (HS CODE : 8517.79.10). ERDI
A104: =I104&M104 -> 500001175479702845 | B104: 5025005130 | C104: WE | D104: 45737 | E104: 2025 | F104: 1 | G104: 1 | I104: 5000011754 | J104: LJU | K104: LJIV | M104: 79702845 | N104: 101 | O104: + | Q104: BH | R104: 20000 | T104: 1 | U104: 1 | Z104: U/ BAGIAN BEA CUKAI (HS CODE : 8471.60.40). BAGUS
...

Sheet MATERIAL DISCONTINUE
A1: No | B1: No Material Lama | C1: Nama Material Lama | D1: No Material Baru | E1: Nama Material Baru | F1: Satuan | G1: Keterangan
A2: 1 | B2: 5000015934 | C2: PRINTER EPSON L 3110 | D2: 5000016375 | E2: PRINTER EPSON l3210 | F2: UNT
A3: 2 | C3: RAM DDR2 | G3: Hanya ada yg 2GB karena susah barangnya
A4: 3 | B4: 5000016371 | C4: SYNOLOGY DS-220J | D4: 5000017680 | E4: SYNOLOGY DS-223J | F4: UNT

Sheet Sheet1
L5: 10801360 | N5: 10801360 | O5: 10801580 | P5: 10801842 | Q5: 10803362 | R5: 10805458 | S5: 10805511 | T5: 10805529 | U5: 10805549
L6: 10801580
L7: 10801842
L8: 10803362
L9: 10805458
L10: 10805511
L11: 10805529
L12: 10805549
L14: 79704819
L15: 79710865 | N15: 79704819 | O15: 79710865 | P15: 79711295 | Q15: 79711830 | R15: 79711832 | S15: 79711831
L16: 79711295
L17: 79711830
L18: 79711832
L19: 79711831
L23: 10801360 | N23: 10801360 | O23: 10801580 | P23: 10801842 | Q23: 10803362 | R23: 10805549 | S23: 10805600
L24: 10801580
L25: 10801842
L26: 10803362
L27: 10805549
L28: 10805600
L31: 79704819 | N31: 79704819 | O31: 79711295 | P31: 79711830 | Q31: 79711832 | R31: 79711831
L32: 79711295
L33: 79711830
L34: 79711832
L35: 79711831
